-- phpMyAdmin SQL Dump
-- version 4.8.5
-- https://www.phpmyadmin.net/
--
-- Host: 127.0.0.1
-- Generation Time: Oct 27, 2022 at 04:16 AM
-- Server version: 10.1.38-MariaDB
-- PHP Version: 5.6.40

SET SQL_MODE = "NO_AUTO_VALUE_ON_ZERO";
SET AUTOCOMMIT = 0;
START TRANSACTION;
SET time_zone = "+00:00";


/*!40101 SET @OLD_CHARACTER_SET_CLIENT=@@CHARACTER_SET_CLIENT */;
/*!40101 SET @OLD_CHARACTER_SET_RESULTS=@@CHARACTER_SET_RESULTS */;
/*!40101 SET @OLD_COLLATION_CONNECTION=@@COLLATION_CONNECTION */;
/*!40101 SET NAMES utf8mb4 */;

--
-- Database: `apriori_toko`
--

-- --------------------------------------------------------

--
-- Table structure for table `confidence`
--

CREATE TABLE `confidence` (
  `kombinasi1` varchar(255) DEFAULT NULL,
  `kombinasi2` varchar(255) DEFAULT NULL,
  `support_xUy` double DEFAULT NULL,
  `support_x` double DEFAULT NULL,
  `confidence` double DEFAULT NULL,
  `lolos` tinyint(4) DEFAULT NULL,
  `min_support` double DEFAULT NULL,
  `min_confidence` double DEFAULT NULL,
  `nilai_uji_lift` double DEFAULT NULL,
  `korelasi_rule` varchar(100) DEFAULT NULL,
  `id_process` int(11) NOT NULL DEFAULT '0',
  `jumlah_a` int(11) DEFAULT NULL,
  `jumlah_b` int(11) DEFAULT NULL,
  `jumlah_ab` int(11) DEFAULT NULL,
  `px` double DEFAULT NULL,
  `py` double DEFAULT NULL,
  `pxuy` double DEFAULT NULL,
  `from_itemset` int(11) DEFAULT NULL COMMENT 'dari itemset 2/3'
) ENGINE=MyISAM DEFAULT CHARSET=latin1;

--
-- Dumping data for table `confidence`
--

INSERT INTO `confidence` (`kombinasi1`, `kombinasi2`, `support_xUy`, `support_x`, `confidence`, `lolos`, `min_support`, `min_confidence`, `nilai_uji_lift`, `korelasi_rule`, `id_process`, `jumlah_a`, `jumlah_b`, `jumlah_ab`, `px`, `py`, `pxuy`, `from_itemset`) VALUES
('bendera cair straw kotak , bendera cair coklat botol', 'bendera cair coklat kotak', 7.7777777777778, 9.2592592592593, 84, 1, 20, 40, 2.0618181818182, 'korelasi positif', 1, 25, 110, 21, 0.092592592592593, 0.40740740740741, 0.077777777777778, 3),
('bendera cair coklat botol , bendera cair coklat kotak', 'bendera cair straw kotak', 7.7777777777778, 12.592592592593, 61.764705882353, 1, 20, 40, 2.6897533206831, 'korelasi positif', 1, 34, 62, 21, 0.12592592592593, 0.22962962962963, 0.077777777777778, 3),
('bendera cair coklat kotak , bendera cair straw kotak', 'bendera cair coklat botol', 7.7777777777778, 16.296296296296, 47.727272727273, 1, 20, 40, 1.9233378561737, 'korelasi positif', 1, 44, 67, 21, 0.16296296296296, 0.24814814814815, 0.077777777777778, 3),
('bendera cair straw kotak', 'bendera cair coklat kotak , bendera cair coklat botol', 7.7777777777778, 22.962962962963, 33.870967741936, 0, 20, 40, 2.6897533206831, 'korelasi positif', 1, 62, 34, 21, 0.22962962962963, 0.12592592592593, 0.077777777777778, 3),
('bendera cair coklat botol', 'bendera cair straw kotak , bendera cair coklat kotak', 7.7777777777778, 24.814814814815, 31.34328358209, 0, 20, 40, 1.9233378561737, 'korelasi positif', 1, 67, 44, 21, 0.24814814814815, 0.16296296296296, 0.077777777777778, 3),
('bendera cair coklat kotak', 'bendera cair coklat botol , bendera cair straw kotak', 7.7777777777778, 40.740740740741, 19.090909090909, 0, 20, 40, 2.0618181818182, 'korelasi positif', 1, 110, 25, 21, 0.40740740740741, 0.092592592592593, 0.077777777777778, 3),
('happy nappy pant M20 , sgm soya 3 van 400', 'bendera cair coklat kotak', 14.814814814815, 22.222222222222, 66.666666666667, 1, 20, 40, 1.6363636363636, 'korelasi positif', 1, 60, 110, 40, 0.22222222222222, 0.40740740740741, 0.14814814814815, 3),
('sgm soya 3 van 400 , bendera cair coklat kotak', 'happy nappy pant M20', 14.814814814815, 18.518518518519, 80.000000000001, 1, 20, 40, 3.0422535211268, 'korelasi positif', 1, 50, 71, 40, 0.18518518518519, 0.26296296296296, 0.14814814814815, 3),
('bendera cair coklat kotak , happy nappy pant M20', 'sgm soya 3 van 400', 14.814814814815, 15.925925925926, 93.023255813955, 1, 20, 40, 3.2618544246451, 'korelasi positif', 1, 43, 77, 40, 0.15925925925926, 0.28518518518519, 0.14814814814815, 3),
('happy nappy pant M20', 'bendera cair coklat kotak , sgm soya 3 van 400', 14.814814814815, 26.296296296296, 56.338028169015, 1, 20, 40, 3.0422535211268, 'korelasi positif', 1, 71, 50, 40, 0.26296296296296, 0.18518518518519, 0.14814814814815, 3),
('sgm soya 3 van 400', 'happy nappy pant M20 , bendera cair coklat kotak', 14.814814814815, 28.518518518519, 51.948051948053, 1, 20, 40, 3.2618544246451, 'korelasi positif', 1, 77, 43, 40, 0.28518518518519, 0.15925925925926, 0.14814814814815, 3),
('bendera cair coklat kotak', 'sgm soya 3 van 400 , happy nappy pant M20', 14.814814814815, 40.740740740741, 36.363636363637, 0, 20, 40, 1.6363636363636, 'korelasi positif', 1, 110, 60, 40, 0.40740740740741, 0.22222222222222, 0.14814814814815, 3),
('happy nappy pant M20 , sgm soya 3 van 400', 'sgm soya 4 400', 7.4074074074074, 22.222222222222, 33.333333333333, 0, 20, 40, 1.6981132075472, 'korelasi positif', 1, 60, 53, 20, 0.22222222222222, 0.1962962962963, 0.074074074074074, 3),
('sgm soya 3 van 400 , sgm soya 4 400', 'happy nappy pant M20', 7.4074074074074, 9.2592592592593, 80, 1, 20, 40, 3.0422535211268, 'korelasi positif', 1, 25, 71, 20, 0.092592592592593, 0.26296296296296, 0.074074074074074, 3),
('sgm soya 4 400 , happy nappy pant M20', 'sgm soya 3 van 400', 7.4074074074074, 8.5185185185185, 86.95652173913, 1, 20, 40, 3.0491247882552, 'korelasi positif', 1, 23, 77, 20, 0.085185185185185, 0.28518518518519, 0.074074074074074, 3),
('happy nappy pant M20', 'sgm soya 4 400 , sgm soya 3 van 400', 7.4074074074074, 26.296296296296, 28.169014084507, 0, 20, 40, 3.0422535211268, 'korelasi positif', 1, 71, 25, 20, 0.26296296296296, 0.092592592592593, 0.074074074074074, 3),
('sgm soya 3 van 400', 'happy nappy pant M20 , sgm soya 4 400', 7.4074074074074, 28.518518518519, 25.974025974026, 0, 20, 40, 3.0491247882552, 'korelasi positif', 1, 77, 23, 20, 0.28518518518519, 0.085185185185185, 0.074074074074074, 3),
('sgm soya 4 400', 'sgm soya 3 van 400 , happy nappy pant M20', 7.4074074074074, 19.62962962963, 37.735849056604, 0, 20, 40, 1.6981132075472, 'korelasi positif', 1, 53, 60, 20, 0.1962962962963, 0.22222222222222, 0.074074074074074, 3),
('nipple ninio', 'sweety FP XL34', 8.1481481481481, 11.851851851852, 68.75, 1, 20, 40, 4.0353260869565, 'korelasi positif', 1, 32, 46, 22, 0.11851851851852, 0.17037037037037, 0.081481481481481, 2),
('sweety FP XL34', 'nipple ninio', 8.1481481481481, 17.037037037037, 47.826086956521, 1, 20, 40, 4.0353260869565, 'korelasi positif', 1, 46, 32, 22, 0.17037037037037, 0.11851851851852, 0.081481481481481, 2),
('sweety FP XL34', 'bendera cair coklat botol', 7.4074074074074, 17.037037037037, 43.478260869565, 1, 20, 40, 1.7521090201168, 'korelasi positif', 1, 46, 67, 20, 0.17037037037037, 0.24814814814815, 0.074074074074074, 2),
('bendera cair coklat botol', 'sweety FP XL34', 7.4074074074074, 24.814814814815, 29.850746268657, 0, 20, 40, 1.7521090201168, 'korelasi positif', 1, 67, 46, 20, 0.24814814814815, 0.17037037037037, 0.074074074074074, 2),
('sweety FP XL34', 'cusson hair lotion', 14.444444444444, 17.037037037037, 84.78260869565, 1, 20, 40, 3.9467766116942, 'korelasi positif', 1, 46, 58, 39, 0.17037037037037, 0.21481481481481, 0.14444444444444, 2),
('cusson hair lotion', 'sweety FP XL34', 14.444444444444, 21.481481481481, 67.241379310343, 1, 20, 40, 3.9467766116942, 'korelasi positif', 1, 58, 46, 39, 0.21481481481481, 0.17037037037037, 0.14444444444444, 2),
('cutton buds huki', 'bendera cair coklat botol', 7.4074074074074, 16.666666666667, 44.444444444444, 1, 20, 40, 1.7910447761194, 'korelasi positif', 1, 45, 67, 20, 0.16666666666667, 0.24814814814815, 0.074074074074074, 2),
('bendera cair coklat botol', 'cutton buds huki', 7.4074074074074, 24.814814814815, 29.850746268657, 0, 20, 40, 1.7910447761194, 'korelasi positif', 1, 67, 45, 20, 0.24814814814815, 0.16666666666667, 0.074074074074074, 2),
('cutton buds huki', 'cusson hair lotion', 8.5185185185185, 16.666666666667, 51.111111111111, 1, 20, 40, 2.3793103448276, 'korelasi positif', 1, 45, 58, 23, 0.16666666666667, 0.21481481481481, 0.085185185185185, 2),
('cusson hair lotion', 'cutton buds huki', 8.5185185185185, 21.481481481481, 39.655172413793, 0, 20, 40, 2.3793103448276, 'korelasi positif', 1, 58, 45, 23, 0.21481481481481, 0.16666666666667, 0.085185185185185, 2),
('cutton buds huki', 'mitu tissue basah', 9.2592592592593, 16.666666666667, 55.555555555556, 1, 20, 40, 4.5454545454545, 'korelasi positif', 1, 45, 33, 25, 0.16666666666667, 0.12222222222222, 0.092592592592593, 2),
('mitu tissue basah', 'cutton buds huki', 9.2592592592593, 12.222222222222, 75.757575757576, 1, 20, 40, 4.5454545454545, 'korelasi positif', 1, 33, 45, 25, 0.12222222222222, 0.16666666666667, 0.092592592592593, 2),
('happy nappy pant M20', 'sgm soya 3 van 400', 22.222222222222, 26.296296296296, 84.50704225352, 1, 20, 40, 2.9632339491494, 'korelasi positif', 1, 71, 77, 60, 0.26296296296296, 0.28518518518519, 0.22222222222222, 2),
('sgm soya 3 van 400', 'happy nappy pant M20', 22.222222222222, 28.518518518519, 77.922077922077, 1, 20, 40, 2.9632339491494, 'korelasi positif', 1, 77, 71, 60, 0.28518518518519, 0.26296296296296, 0.22222222222222, 2),
('happy nappy pant M20', 'bendera cair straw kotak', 7.4074074074074, 26.296296296296, 28.169014084507, 0, 20, 40, 1.2267151294866, 'korelasi positif', 1, 71, 62, 20, 0.26296296296296, 0.22962962962963, 0.074074074074074, 2),
('bendera cair straw kotak', 'happy nappy pant M20', 7.4074074074074, 22.962962962963, 32.258064516129, 0, 20, 40, 1.2267151294866, 'korelasi positif', 1, 62, 71, 20, 0.22962962962963, 0.26296296296296, 0.074074074074074, 2),
('happy nappy pant M20', 'bendera cair coklat kotak', 15.925925925926, 26.296296296296, 60.56338028169, 1, 20, 40, 1.4865556978233, 'korelasi positif', 1, 71, 110, 43, 0.26296296296296, 0.40740740740741, 0.15925925925926, 2),
('bendera cair coklat kotak', 'happy nappy pant M20', 15.925925925926, 40.740740740741, 39.090909090909, 0, 20, 40, 1.4865556978233, 'korelasi positif', 1, 110, 71, 43, 0.40740740740741, 0.26296296296296, 0.15925925925926, 2),
('happy nappy pant M20', 'sgm soya 4 400', 8.5185185185185, 26.296296296296, 32.394366197183, 0, 20, 40, 1.6502790326867, 'korelasi positif', 1, 71, 53, 23, 0.26296296296296, 0.1962962962963, 0.085185185185185, 2),
('sgm soya 4 400', 'happy nappy pant M20', 8.5185185185185, 19.62962962963, 43.396226415094, 1, 20, 40, 1.6502790326867, 'korelasi positif', 1, 53, 71, 23, 0.1962962962963, 0.26296296296296, 0.085185185185185, 2),
('happy nappy pant M20', 'huki niple L', 7.4074074074074, 26.296296296296, 28.169014084507, 0, 20, 40, 2.6226323457989, 'korelasi positif', 1, 71, 29, 20, 0.26296296296296, 0.10740740740741, 0.074074074074074, 2),
('huki niple L', 'happy nappy pant M20', 7.4074074074074, 10.740740740741, 68.965517241379, 1, 20, 40, 2.6226323457989, 'korelasi positif', 1, 29, 71, 20, 0.10740740740741, 0.26296296296296, 0.074074074074074, 2),
('sgm soya 3 van 400', 'bendera cair coklat botol', 8.5185185185185, 28.518518518519, 29.87012987013, 0, 20, 40, 1.2037216514828, 'korelasi positif', 1, 77, 67, 23, 0.28518518518519, 0.24814814814815, 0.085185185185185, 2),
('bendera cair coklat botol', 'sgm soya 3 van 400', 8.5185185185185, 24.814814814815, 34.328358208955, 0, 20, 40, 1.2037216514828, 'korelasi positif', 1, 67, 77, 23, 0.24814814814815, 0.28518518518519, 0.085185185185185, 2),
('sgm soya 3 van 400', 'bendera cair straw kotak', 8.1481481481481, 28.518518518519, 28.571428571428, 0, 20, 40, 1.2442396313364, 'korelasi positif', 1, 77, 62, 22, 0.28518518518519, 0.22962962962963, 0.081481481481481, 2),
('bendera cair straw kotak', 'sgm soya 3 van 400', 8.1481481481481, 22.962962962963, 35.483870967742, 0, 20, 40, 1.2442396313364, 'korelasi positif', 1, 62, 77, 22, 0.22962962962963, 0.28518518518519, 0.081481481481481, 2),
('sgm soya 3 van 400', 'bendera cair coklat kotak', 18.518518518519, 28.518518518519, 64.935064935067, 1, 20, 40, 1.5938606847698, 'korelasi positif', 1, 77, 110, 50, 0.28518518518519, 0.40740740740741, 0.18518518518519, 2),
('bendera cair coklat kotak', 'sgm soya 3 van 400', 18.518518518519, 40.740740740741, 45.454545454547, 1, 20, 40, 1.5938606847698, 'korelasi positif', 1, 110, 77, 50, 0.40740740740741, 0.28518518518519, 0.18518518518519, 2),
('sgm soya 3 van 400', 'sgm soya 4 400', 9.2592592592593, 28.518518518519, 32.467532467533, 0, 20, 40, 1.6540063709875, 'korelasi positif', 1, 77, 53, 25, 0.28518518518519, 0.1962962962963, 0.092592592592593, 2),
('sgm soya 4 400', 'sgm soya 3 van 400', 9.2592592592593, 19.62962962963, 47.169811320755, 1, 20, 40, 1.6540063709875, 'korelasi positif', 1, 53, 77, 25, 0.1962962962963, 0.28518518518519, 0.092592592592593, 2),
('bendera cair coklat botol', 'bendera cair straw kotak', 9.2592592592593, 24.814814814815, 37.313432835821, 0, 20, 40, 1.6249398170438, 'korelasi positif', 1, 67, 62, 25, 0.24814814814815, 0.22962962962963, 0.092592592592593, 2),
('bendera cair straw kotak', 'bendera cair coklat botol', 9.2592592592593, 22.962962962963, 40.322580645161, 1, 20, 40, 1.6249398170438, 'korelasi positif', 1, 62, 67, 25, 0.22962962962963, 0.24814814814815, 0.092592592592593, 2),
('bendera cair coklat botol', 'bendera cair coklat kotak', 12.592592592593, 24.814814814815, 50.746268656718, 1, 20, 40, 1.2455902306649, 'korelasi positif', 1, 67, 110, 34, 0.24814814814815, 0.40740740740741, 0.12592592592593, 2),
('bendera cair coklat kotak', 'bendera cair coklat botol', 12.592592592593, 40.740740740741, 30.909090909092, 0, 20, 40, 1.2455902306649, 'korelasi positif', 1, 110, 67, 34, 0.40740740740741, 0.24814814814815, 0.12592592592593, 2),
('bendera cair coklat botol', 'bendera cair straw botol', 7.4074074074074, 24.814814814815, 29.850746268657, 0, 20, 40, 1.413982717989, 'korelasi positif', 1, 67, 57, 20, 0.24814814814815, 0.21111111111111, 0.074074074074074, 2),
('bendera cair straw botol', 'bendera cair coklat botol', 7.4074074074074, 21.111111111111, 35.087719298246, 0, 20, 40, 1.413982717989, 'korelasi positif', 1, 57, 67, 20, 0.21111111111111, 0.24814814814815, 0.074074074074074, 2),
('bendera cair coklat botol', 'cusson hair lotion', 7.7777777777778, 24.814814814815, 31.34328358209, 0, 20, 40, 1.4590838908904, 'korelasi positif', 1, 67, 58, 21, 0.24814814814815, 0.21481481481481, 0.077777777777778, 2),
('cusson hair lotion', 'bendera cair coklat botol', 7.7777777777778, 21.481481481481, 36.206896551724, 0, 20, 40, 1.4590838908904, 'korelasi positif', 1, 58, 67, 21, 0.21481481481481, 0.24814814814815, 0.077777777777778, 2),
('bendera cair straw kotak', 'bendera cair coklat kotak', 16.296296296296, 22.962962962963, 70.967741935483, 1, 20, 40, 1.741935483871, 'korelasi positif', 1, 62, 110, 44, 0.22962962962963, 0.40740740740741, 0.16296296296296, 2),
('bendera cair coklat kotak', 'bendera cair straw kotak', 16.296296296296, 40.740740740741, 39.999999999999, 0, 20, 40, 1.741935483871, 'korelasi positif', 1, 110, 62, 44, 0.40740740740741, 0.22962962962963, 0.16296296296296, 2),
('bendera cair straw kotak', 'bendera cair straw botol', 8.1481481481481, 22.962962962963, 35.483870967742, 0, 20, 40, 1.6808149405772, 'korelasi positif', 1, 62, 57, 22, 0.22962962962963, 0.21111111111111, 0.081481481481481, 2),
('bendera cair straw botol', 'bendera cair straw kotak', 8.1481481481481, 21.111111111111, 38.59649122807, 0, 20, 40, 1.6808149405772, 'korelasi positif', 1, 57, 62, 22, 0.21111111111111, 0.22962962962963, 0.081481481481481, 2),
('bendera cair coklat kotak', 'bendera cair straw botol', 11.851851851852, 40.740740740741, 29.090909090909, 0, 20, 40, 1.377990430622, 'korelasi positif', 1, 110, 57, 32, 0.40740740740741, 0.21111111111111, 0.11851851851852, 2),
('bendera cair straw botol', 'bendera cair coklat kotak', 11.851851851852, 21.111111111111, 56.140350877194, 1, 20, 40, 1.377990430622, 'korelasi positif', 1, 57, 110, 32, 0.21111111111111, 0.40740740740741, 0.11851851851852, 2),
('bendera cair coklat kotak', 'sgm soya 4 400', 8.8888888888889, 40.740740740741, 21.818181818182, 0, 20, 40, 1.1114922813036, 'korelasi positif', 1, 110, 53, 24, 0.40740740740741, 0.1962962962963, 0.088888888888889, 2),
('sgm soya 4 400', 'bendera cair coklat kotak', 8.8888888888889, 19.62962962963, 45.283018867925, 1, 20, 40, 1.1114922813036, 'korelasi positif', 1, 53, 110, 24, 0.1962962962963, 0.40740740740741, 0.088888888888889, 2),
('bendera cair coklat kotak', 'cusson hair lotion', 10.37037037037, 40.740740740741, 25.454545454545, 0, 20, 40, 1.1849529780564, 'korelasi positif', 1, 110, 58, 28, 0.40740740740741, 0.21481481481481, 0.1037037037037, 2),
('cusson hair lotion', 'bendera cair coklat kotak', 10.37037037037, 21.481481481481, 48.275862068964, 1, 20, 40, 1.1849529780564, 'korelasi positif', 1, 58, 110, 28, 0.21481481481481, 0.40740740740741, 0.1037037037037, 2),
('bendera cair coklat kotak', 'huki niple L', 7.4074074074074, 40.740740740741, 18.181818181818, 0, 20, 40, 1.692789968652, 'korelasi positif', 1, 110, 29, 20, 0.40740740740741, 0.10740740740741, 0.074074074074074, 2),
('huki niple L', 'bendera cair coklat kotak', 7.4074074074074, 10.740740740741, 68.965517241379, 1, 20, 40, 1.692789968652, 'korelasi positif', 1, 29, 110, 20, 0.10740740740741, 0.40740740740741, 0.074074074074074, 2),
('D3MB', 'D3AK', 40, 50, 80, 1, 5, 10, 2, 'korelasi positif', 2, 10, 8, 8, 0.5, 0.4, 0.4, 2),
('D3AK', 'D3MB', 40, 40, 100, 1, 5, 10, 2, 'korelasi positif', 2, 8, 10, 8, 0.4, 0.5, 0.4, 2),
('D4LB', 'D4TI', 30, 50, 60, 1, 5, 10, 2, 'korelasi positif', 2, 10, 6, 6, 0.5, 0.3, 0.3, 2),
('D4TI', 'D4LB', 30, 30, 100, 1, 5, 10, 2, 'korelasi positif', 2, 6, 10, 6, 0.3, 0.5, 0.3, 2),
('D4TI', 'D4LB', 30, 30, 100, 1, 5, 30, 2, 'korelasi positif', 3, 6, 10, 6, 0.3, 0.5, 0.3, 2),
('D4LB', 'D4TI', 30, 50, 60, 1, 5, 30, 2, 'korelasi positif', 3, 10, 6, 6, 0.5, 0.3, 0.3, 2),
('D3AK', 'D3MB', 40, 40, 100, 1, 5, 30, 2, 'korelasi positif', 3, 8, 10, 8, 0.4, 0.5, 0.4, 2),
('D3MB', 'D3AK', 40, 50, 80, 1, 5, 30, 2, 'korelasi positif', 3, 10, 8, 8, 0.5, 0.4, 0.4, 2);

-- --------------------------------------------------------

--
-- Table structure for table `itemset1`
--

CREATE TABLE `itemset1` (
  `atribut` varchar(200) DEFAULT NULL,
  `jumlah` int(11) DEFAULT NULL,
  `support` double DEFAULT NULL,
  `lolos` tinyint(4) DEFAULT NULL,
  `id_process` int(11) NOT NULL DEFAULT '0'
) ENGINE=InnoDB DEFAULT CHARSET=latin1;

--
-- Dumping data for table `itemset1`
--

INSERT INTO `itemset1` (`atribut`, `jumlah`, `support`, `lolos`, `id_process`) VALUES
('nipple pigeon L', 11, 4.0740740740741, 0, 1),
('nipple ninio', 32, 11.851851851852, 1, 1),
('mamamia L36', 17, 6.2962962962963, 0, 1),
('sweety FP XL34', 46, 17.037037037037, 1, 1),
('cuuson hair lotion', 1, 0.37037037037037, 0, 1),
('cutton buds huki', 45, 16.666666666667, 1, 1),
('happy nappy pant M20', 71, 26.296296296296, 1, 1),
('popoku pant M10', 12, 4.4444444444444, 0, 1),
('sgm soya 3 van 400', 77, 28.518518518519, 1, 1),
('bendera cair coklat botol', 67, 24.814814814815, 1, 1),
('bendera cair straw kotak', 62, 22.962962962963, 1, 1),
('tempat makan pang-pang', 13, 4.8148148148148, 0, 1),
('zwitsal shampoo 300', 10, 3.7037037037037, 0, 1),
('mpoko pant standart L30', 34, 12.592592592593, 1, 1),
('sweety FP L36', 31, 11.481481481481, 1, 1),
('sgm soya 2 200', 6, 2.2222222222222, 0, 1),
('bendera cair coklat kotak', 110, 40.740740740741, 1, 1),
('bendera cair straw botol', 57, 21.111111111111, 1, 1),
('zwitsal soap milk & hiney 80', 9, 3.3333333333333, 0, 1),
('happy nappy M8', 4, 1.4814814814815, 0, 1),
('cd cowok', 7, 2.5925925925926, 0, 1),
('zwitsal powder MH & SF 300', 11, 4.0740740740741, 0, 1),
('sgm soya 4 400', 53, 19.62962962963, 1, 1),
('cusson hair lotion', 58, 21.481481481481, 1, 1),
('cuttob buds hki', 1, 0.37037037037037, 0, 1),
('niple pigeon L', 29, 10.740740740741, 1, 1),
('dot huki 250', 19, 7.037037037037, 0, 1),
('popoku pant L10', 7, 2.5925925925926, 0, 1),
('mpoko pant standart L20', 13, 4.8148148148148, 0, 1),
('sayangku M72', 6, 2.2222222222222, 0, 1),
('mitu tissue basah', 33, 12.222222222222, 1, 1),
('happy nappy L20', 24, 8.8888888888889, 1, 1),
('underpad', 10, 3.7037037037037, 0, 1),
('mpko pant standart L30', 4, 1.4814814814815, 0, 1),
('sweety FP XXL20', 9, 3.3333333333333, 0, 1),
('fluffy L16', 8, 2.962962962963, 0, 1),
('tissue passeo', 25, 9.2592592592593, 1, 1),
('cussons shampoo alomnd', 3, 1.1111111111111, 0, 1),
('cussons baby bath', 1, 0.37037037037037, 0, 1),
('mpoko xtradry XXL28', 25, 9.2592592592593, 1, 1),
('cusson baby bath', 6, 2.2222222222222, 0, 1),
('pampers AB XL34', 5, 1.8518518518519, 0, 1),
('sgm 3 plus van 400', 20, 7.4074074074074, 1, 1),
('sweety FP S20', 11, 4.0740740740741, 0, 1),
('sleek refil', 13, 4.8148148148148, 0, 1),
('sayangku XL28', 3, 1.1111111111111, 0, 1),
('sweety FP S10', 13, 4.8148148148148, 0, 1),
('zwitsal baby bath 2 in 1 200', 6, 2.2222222222222, 0, 1),
('mpoko pant standart M34', 11, 4.0740740740741, 0, 1),
('sweety Fp XXL18', 15, 5.5555555555556, 0, 1),
('CB powder  pink 50', 1, 0.37037037037037, 0, 1),
('sabun dettol sensitive', 10, 3.7037037037037, 0, 1),
('mkp konicare 125', 7, 2.5925925925926, 0, 1),
('mpoko pant standart S40', 1, 0.37037037037037, 0, 1),
('popoku M40', 2, 0.74074074074074, 0, 1),
('mpoko pant standart XXL18', 11, 4.0740740740741, 0, 1),
('sweety sns S12', 6, 2.2222222222222, 0, 1),
('nutrillon ryl 3 van 400', 1, 0.37037037037037, 0, 1),
('happy nappy pant L8', 11, 4.0740740740741, 0, 1),
('mamamia pant M18', 7, 2.5925925925926, 0, 1),
('pasta gigi cussons', 8, 2.962962962963, 0, 1),
('sikat gigi kodomo', 8, 2.962962962963, 0, 1),
('zwitsal baby bath MH 200', 8, 2.962962962963, 0, 1),
('sayangku M36', 2, 0.74074074074074, 0, 1),
('milna bubur ayam wortel', 6, 2.2222222222222, 0, 1),
('topy baby', 2, 0.74074074074074, 0, 1),
('atasan libby', 2, 0.74074074074074, 0, 1),
('cd cewek', 10, 3.7037037037037, 0, 1),
('zwitsal powder zink 300', 3, 1.1111111111111, 0, 1),
('kaos kaki ideal', 20, 7.4074074074074, 1, 1),
('pampers pant AB M44', 4, 1.4814814814815, 0, 1),
('sweety sns M40', 9, 3.3333333333333, 0, 1),
('sikat botol yuki', 6, 2.2222222222222, 0, 1),
('kaos libby L', 5, 1.8518518518519, 0, 1),
('mitu tissue ', 0, 0, 0, 1),
('basah', 1, 0.37037037037037, 0, 1),
('swety FP XXL18', 1, 0.37037037037037, 0, 1),
('sweeety Fp S10', 1, 0.37037037037037, 0, 1),
('happy nappy pant XL20', 17, 6.2962962962963, 0, 1),
('zwitsal shampo 300', 1, 0.37037037037037, 0, 1),
('my baby telon plus', 2, 0.74074074074074, 0, 1),
('zwitsal baby bath MT 200', 14, 5.1851851851852, 0, 1),
('JB cologne summer swing', 3, 1.1111111111111, 0, 1),
('nutrillon soya 4 van 400', 4, 1.4814814814815, 0, 1),
('mamamia XL20', 3, 1.1111111111111, 0, 1),
('happy nappy S10', 4, 1.4814814814815, 0, 1),
('dot huki', 10, 3.7037037037037, 0, 1),
('zwitsal shampoo AVKS 100', 8, 2.962962962963, 0, 1),
('cussons baby powder', 1, 0.37037037037037, 0, 1),
('happy nappy XL20', 14, 5.1851851851852, 0, 1),
('cusson powder soft & smooth 50', 2, 0.74074074074074, 0, 1),
('nina night', 6, 2.2222222222222, 0, 1),
('mkp caplang 60', 2, 0.74074074074074, 0, 1),
('syaangku XL28', 1, 0.37037037037037, 0, 1),
('pasat gigi cussons', 3, 1.1111111111111, 0, 1),
('pampers pant AB L58', 1, 0.37037037037037, 0, 1),
('zwitsal hair lotion 200', 9, 3.3333333333333, 0, 1),
('happy nappy diapers M20', 2, 0.74074074074074, 0, 1),
('Dr P basic L8', 5, 1.8518518518519, 0, 1),
('nutrillon ryl 4 md 400', 5, 1.8518518518519, 0, 1),
('mamamia M10', 2, 0.74074074074074, 0, 1),
('minyak telon lang 30', 4, 1.4814814814815, 0, 1),
('DR p diapers M2', 2, 0.74074074074074, 0, 1),
('sgm 5 md 400', 3, 1.1111111111111, 0, 1),
('sgm ananda 2 150', 2, 0.74074074074074, 0, 1),
('bebelac 4 van 800', 5, 1.8518518518519, 0, 1),
('chilkid reg van 800', 30, 11.111111111111, 1, 1),
('nutrlon 3 van 800', 1, 0.37037037037037, 0, 1),
('mpoko xtradry S50', 4, 1.4814814814815, 0, 1),
('merries L20', 2, 0.74074074074074, 0, 1),
('dancow 3 plus md 800', 13, 4.8148148148148, 0, 1),
('nutrillon ryl 3 van 800', 1, 0.37037037037037, 0, 1),
('sun beras merah', 3, 1.1111111111111, 0, 1),
('mpoko xtradry L40', 9, 3.3333333333333, 0, 1),
('mpoko pant standart XXL24', 10, 3.7037037037037, 0, 1),
('popoku pant XL20', 22, 8.1481481481481, 1, 1),
('mkp caplang 120', 16, 5.9259259259259, 0, 1),
('hilo joint', 1, 0.37037037037037, 0, 1),
('happy nappy M20', 14, 5.1851851851852, 0, 1),
('huki niple L', 29, 10.740740740741, 1, 1),
('Dr p basic M10', 1, 0.37037037037037, 0, 1),
('sgm 3 plus md 900', 15, 5.5555555555556, 0, 1),
('milo 3 in 1 1000', 4, 1.4814814814815, 0, 1),
('popoku diapers M20', 4, 1.4814814814815, 0, 1),
('JB cologne fresh blossoms 300', 10, 3.7037037037037, 0, 1),
('zwitsal powder pink 300', 1, 0.37037037037037, 0, 1),
('underpad baby', 7, 2.5925925925926, 0, 1),
('lactogen 4 van 750', 10, 3.7037037037037, 0, 1),
('sweety sns S27', 9, 3.3333333333333, 0, 1),
('merries Xl26', 9, 3.3333333333333, 0, 1),
('cusson baby oil', 1, 0.37037037037037, 0, 1),
('kaos baby M', 1, 0.37037037037037, 0, 1),
('sweety FP M38', 11, 4.0740740740741, 0, 1),
('pamper AB XL34', 1, 0.37037037037037, 0, 1),
('botol susu huki 120', 1, 0.37037037037037, 0, 1),
('cusson baby powder', 12, 4.4444444444444, 0, 1),
('bendera cair straw kotak.sgm soya 3 van 400', 1, 0.37037037037037, 0, 1),
('dancow batita madu 1000', 1, 0.37037037037037, 0, 1),
('milna bubur pisang', 4, 1.4814814814815, 0, 1),
('bendera air coklat botol', 1, 0.37037037037037, 0, 1),
('v-vresh roll', 1, 0.37037037037037, 0, 1),
('dancow batita md 1000', 6, 2.2222222222222, 0, 1),
('dancow 5 plus van 800', 12, 4.4444444444444, 0, 1),
('mpoko pant standart L34', 1, 0.37037037037037, 0, 1),
('cusson shampoo alomnd', 10, 3.7037037037037, 0, 1),
('lactogen 3 md 750', 9, 3.3333333333333, 0, 1),
('popoku pant L20', 7, 2.5925925925926, 0, 1),
('v-fresh roll', 5, 1.8518518518519, 0, 1),
('mitu tissue  basah', 4, 1.4814814814815, 0, 1),
('happy nappy pant L20', 13, 4.8148148148148, 0, 1),
('popoku L20', 10, 3.7037037037037, 0, 1),
('sweety sns L36', 6, 2.2222222222222, 0, 1),
('popoku pant M20', 4, 1.4814814814815, 0, 1),
('swety FP L36', 1, 0.37037037037037, 0, 1),
('promina daging brokoli', 3, 1.1111111111111, 0, 1),
('bendera Cir straw kotak', 1, 0.37037037037037, 0, 1),
('pampers eko pant M20', 9, 3.3333333333333, 0, 1),
('sweety FP L20', 5, 1.8518518518519, 0, 1),
('merries M34', 1, 0.37037037037037, 0, 1),
('fluffy L16 ', 0, 0, 0, 1),
('niple ninio', 2, 0.74074074074074, 0, 1),
('bendera cair coklat kotak ', 0, 0, 0, 1),
('pasta gigi cusson', 1, 0.37037037037037, 0, 1),
('pampers AB S14', 3, 1.1111111111111, 0, 1),
('merries M22', 1, 0.37037037037037, 0, 1),
('promina pisang', 1, 0.37037037037037, 0, 1),
('sweety FP XL20', 6, 2.2222222222222, 0, 1),
('happy nappy  M20', 2, 0.74074074074074, 0, 1),
('sgm 3 plus van 400.sleek refil', 2, 0.74074074074074, 0, 1),
('biskuit KH', 2, 0.74074074074074, 0, 1),
('bendera cair coklatbotol.bendera cair coklat kotak', 2, 0.74074074074074, 0, 1),
('dancow batita van 500', 4, 1.4814814814815, 0, 1),
('mpoko pant standrt L36', 2, 0.74074074074074, 0, 1),
('nutrillon ryl 3 md 400', 1, 0.37037037037037, 0, 1),
('mpoko pant standart L36', 1, 0.37037037037037, 0, 1),
('mpoko pant standart M40', 1, 0.37037037037037, 0, 1),
('tempat bedak leo', 2, 0.74074074074074, 0, 1),
('cair coklat kotak', 2, 0.74074074074074, 0, 1),
('sgm 1 plus van 900', 8, 2.962962962963, 0, 1),
('sgm ananda 1 400', 8, 2.962962962963, 0, 1),
('bonetto coklat 700', 3, 1.1111111111111, 0, 1),
('nutrillon 3 van 800', 12, 4.4444444444444, 0, 1),
('milo actigen 300', 6, 2.2222222222222, 0, 1),
('JB cologne happy berries 125', 9, 3.3333333333333, 0, 1),
('chilkid plat van 800', 3, 1.1111111111111, 0, 1),
('nutrillon soya 3 van 400', 12, 4.4444444444444, 0, 1),
('nutrillon 4 van 800', 17, 6.2962962962963, 0, 1),
('mpoko pant standart XL36', 2, 0.74074074074074, 0, 1),
('sgm 1 1000', 2, 0.74074074074074, 0, 1),
('bendera karya md 400', 9, 3.3333333333333, 0, 1),
('mpokp pant standart XL36', 2, 0.74074074074074, 0, 1),
('nutribaby ryl 2 soya  400', 2, 0.74074074074074, 0, 1),
('nutrillon  ryl 3 van 800', 2, 0.74074074074074, 0, 1),
('cerelac ayam bawang', 2, 0.74074074074074, 0, 1),
('cerelac BM', 14, 5.1851851851852, 0, 1),
('cerelac KH', 5, 1.8518518518519, 0, 1),
('sgm 1 plus md 900', 14, 5.1851851851852, 0, 1),
('mpoko pant standart XL20', 16, 5.9259259259259, 0, 1),
('minyak telong Lang 100', 3, 1.1111111111111, 0, 1),
('sgm 1 plus van 400', 7, 2.5925925925926, 0, 1),
('BMT reg 800', 10, 3.7037037037037, 0, 1),
('chilschool reg van 800', 2, 0.74074074074074, 0, 1),
('nutrillon ryl 4 van 800', 9, 3.3333333333333, 0, 1),
('happy nappy S20', 3, 1.1111111111111, 0, 1),
('mpoko xtrasoft XXL20', 10, 3.7037037037037, 0, 1),
('mkp caplang 210', 5, 1.8518518518519, 0, 1),
('cussons soap mild & gentle', 2, 0.74074074074074, 0, 1),
('huki nipple L', 5, 1.8518518518519, 0, 1),
('chilschoool reg van 800', 2, 0.74074074074074, 0, 1),
('bendera cair cokalt botol', 2, 0.74074074074074, 0, 1),
('mpoko pant standart M20', 13, 4.8148148148148, 0, 1),
('popoku L40', 16, 5.9259259259259, 0, 1),
('mpoko xtradry XL50', 6, 2.2222222222222, 0, 1),
('bendera ciar coklat botol', 2, 0.74074074074074, 0, 1),
('bebelac 3 van 800', 13, 4.8148148148148, 0, 1),
('jb shampoo soft & shiny 100', 4, 1.4814814814815, 0, 1),
('CB powder pink 50', 6, 2.2222222222222, 0, 1),
('bebelove 1 800', 6, 2.2222222222222, 0, 1),
('mpoko xtradry M46', 6, 2.2222222222222, 0, 1),
('sgm 3 plus van 900', 4, 1.4814814814815, 0, 1),
('sgm 1 plus van 150', 17, 6.2962962962963, 0, 1),
('bendera jelajah md 400', 5, 1.8518518518519, 0, 1),
('dancow 1 plus md 800', 8, 2.962962962963, 0, 1),
('chilschool van 800', 13, 4.8148148148148, 0, 1),
('sweety sns L10', 4, 1.4814814814815, 0, 1),
('chilschool van reg 800', 8, 2.962962962963, 0, 1),
('mpoko pant standart S20', 1, 0.37037037037037, 0, 1),
('popoku S10', 3, 1.1111111111111, 0, 1),
('lactogen 1 750', 10, 3.7037037037037, 0, 1),
('chilschool Vn 800', 1, 0.37037037037037, 0, 1),
('bendera cair cokalt kotak', 1, 0.37037037037037, 0, 1),
('nutrillon ryl soya van 800', 3, 1.1111111111111, 0, 1),
('nutri abby ryl 1 800', 1, 0.37037037037037, 0, 1),
('lactogen 1 350', 6, 2.2222222222222, 0, 1),
('happy nappy pant S20', 1, 0.37037037037037, 0, 1),
('minyak telon lang 60', 2, 0.74074074074074, 0, 1),
('nutrillon soya 3 van 800', 6, 2.2222222222222, 0, 1),
('chilkid palt van 800', 2, 0.74074074074074, 0, 1),
('cerelac Ab', 1, 0.37037037037037, 0, 1),
('sgm 1 plus md 400', 16, 5.9259259259259, 0, 1),
('milo actigen 30', 1, 0.37037037037037, 0, 1),
('zwitsal hari lotion 200', 2, 0.74074074074074, 0, 1),
('chilkid reg md 800', 3, 1.1111111111111, 0, 1),
('nutrillon 3 md 800', 1, 0.37037037037037, 0, 1),
('nutrillon soya 2 800', 1, 0.37037037037037, 0, 1),
('mitu tisuh basah', 1, 0.37037037037037, 0, 1),
('beeblove 1 800', 2, 0.74074074074074, 0, 1),
('milo 3 in1 1000', 1, 0.37037037037037, 0, 1),
('sweety FP XXL28', 1, 0.37037037037037, 0, 1),
('mpoko xtradry XL34', 6, 2.2222222222222, 0, 1),
('nutrillon baby 2 400', 1, 0.37037037037037, 0, 1),
('mpoko xtradry NB52', 7, 2.5925925925926, 0, 1),
('chilkid reg van 400', 1, 0.37037037037037, 0, 1),
('cusson nipple L', 1, 0.37037037037037, 0, 1),
('zwitsal baby bath 2 in1 200', 2, 0.74074074074074, 0, 1),
('zwitsal babay bath MT 200', 1, 0.37037037037037, 0, 1),
('dot cusson 250', 3, 1.1111111111111, 0, 1),
('sgm soya 1 plus van 400', 1, 0.37037037037037, 0, 1),
('bebelac 3 md 400', 16, 5.9259259259259, 0, 1),
('sweety FP M20', 1, 0.37037037037037, 0, 1),
('sgm soya 1 200', 1, 0.37037037037037, 0, 1),
('JB shampoo S&S 100', 3, 1.1111111111111, 0, 1),
('cusson soap mild & gentle', 1, 0.37037037037037, 0, 1),
('popoku S20', 5, 1.8518518518519, 0, 1),
('mpoko xtradry XXL18', 1, 0.37037037037037, 0, 1),
('sweety sns XL32', 7, 2.5925925925926, 0, 1),
('zwitsal shampoo AVKS 300', 2, 0.74074074074074, 0, 1),
('nutrillon soya 4 van 800', 2, 0.74074074074074, 0, 1),
('mpoko xtrasoft girl XL24', 6, 2.2222222222222, 0, 1),
('sgm 3 plus md 400', 4, 1.4814814814815, 0, 1),
('sgm 1 plus md 800', 2, 0.74074074074074, 0, 1),
('JB colegne happy berries 125', 2, 0.74074074074074, 0, 1),
('bendera ciar coklat kotak', 2, 0.74074074074074, 0, 1),
('JB colgne fresh blossoms 300', 2, 0.74074074074074, 0, 1),
('mpoko pant standrat L30', 2, 0.74074074074074, 0, 1),
('minyak telon lang 100', 3, 1.1111111111111, 0, 1),
('mpoko xtrasoft boy XL24', 8, 2.962962962963, 0, 1),
('bendera jelajah van 800', 6, 2.2222222222222, 0, 1),
('nutrillon soya 2 400', 3, 1.1111111111111, 0, 1),
('bendera cair starw kotak', 1, 0.37037037037037, 0, 1),
('sgm soya 3 Vn 400', 1, 0.37037037037037, 0, 1),
('bendera coklat kotak', 2, 0.74074074074074, 0, 1),
('lactogen 4 van 800', 1, 0.37037037037037, 0, 1),
('sgm soya van 400', 1, 0.37037037037037, 0, 1),
('zwitsal soap & milk Honey 80', 1, 0.37037037037037, 0, 1),
('bendera coiklat kotak', 2, 0.74074074074074, 0, 1),
('nutrilon 3 van 800', 4, 1.4814814814815, 0, 1),
('zitsal shampoo AVKS 100', 1, 0.37037037037037, 0, 1),
('zwitsal hair loton 200', 1, 0.37037037037037, 0, 1),
('cusson powder s&s 50', 3, 1.1111111111111, 0, 1),
('mkp caplang 30', 1, 0.37037037037037, 0, 1),
('sgm soyya 3 van 400', 2, 0.74074074074074, 0, 1),
('mpoko pant standart XL26', 3, 1.1111111111111, 0, 1),
('bebelac 3 md  400', 1, 0.37037037037037, 0, 1),
('nutribaby ryl 2 soya 400', 1, 0.37037037037037, 0, 1),
('cusson hair lotion ', 0, 0, 0, 1),
('pediasure van 800', 3, 1.1111111111111, 0, 1),
('zwitsal soap milk & honey 80', 1, 0.37037037037037, 0, 1),
('sgm 2 400', 1, 0.37037037037037, 0, 1),
('mpoko xtarsoft girl XL24', 1, 0.37037037037037, 0, 1),
('nutrillon 3 van 400', 1, 0.37037037037037, 0, 1),
('nutrillon 4 van 400', 1, 0.37037037037037, 0, 1),
('mamamia pant M40', 1, 0.37037037037037, 0, 1),
('chilkid reg md 900', 1, 0.37037037037037, 0, 1),
('cusson soap s&s', 1, 0.37037037037037, 0, 1),
('beblac 4 van 800', 1, 0.37037037037037, 0, 1),
('milo 3 in1 100', 1, 0.37037037037037, 0, 1),
('mpoko xtradsoft girl XL24', 1, 0.37037037037037, 0, 1),
('merries XL 26', 2, 0.74074074074074, 0, 1),
('popoku L 40', 1, 0.37037037037037, 0, 1),
('sweety fp Xl 34', 1, 0.37037037037037, 0, 1),
('poko pant standart L20', 1, 0.37037037037037, 0, 1),
('pampers pant AB  L58', 1, 0.37037037037037, 0, 1),
('mpoko pant M20', 1, 0.37037037037037, 0, 1),
('mittu tissue basah', 1, 0.37037037037037, 0, 1),
('huki niple M', 2, 0.74074074074074, 0, 1),
('sweety FP  M38', 1, 0.37037037037037, 0, 1),
('happy nappy pany XL20', 1, 0.37037037037037, 0, 1),
('nutrilon soya 3 van 800', 3, 1.1111111111111, 0, 1),
('chilschool van  800', 1, 0.37037037037037, 0, 1),
('pediasure van 850', 2, 0.74074074074074, 0, 1),
('zwitsal shamppoo AVKS 100', 2, 0.74074074074074, 0, 1),
('zwitsal baby bath 2 in 10 200', 1, 0.37037037037037, 0, 1),
('mpoko xtarsoft boy XL24', 2, 0.74074074074074, 0, 1),
('swety sns Xl32', 1, 0.37037037037037, 0, 1),
('nutrilon soya 3 van 400', 2, 0.74074074074074, 0, 1),
('nutrilon ryl soya van 800', 2, 0.74074074074074, 0, 1),
('nutrilon 4 van 800', 1, 0.37037037037037, 0, 1),
('mpoko pant standrt M34', 1, 0.37037037037037, 0, 1),
('v fresh roll', 1, 0.37037037037037, 0, 1),
('swety FP XL34', 2, 0.74074074074074, 0, 1),
('nutrilon soya 4 van 400', 1, 0.37037037037037, 0, 1),
('nutrillon soya 1 400', 1, 0.37037037037037, 0, 1),
('nutrilon ryl 4 van 800', 1, 0.37037037037037, 0, 1),
('mpoko pant standrat XL20', 1, 0.37037037037037, 0, 1),
('D3MB', 10, 50, 1, 2),
('D3AK', 8, 40, 1, 2),
('D4LB', 10, 50, 1, 2),
('D4TI', 6, 30, 1, 2),
('D4AK', 4, 20, 0, 2),
('D3LB', 6, 30, 1, 2),
('D4MB', 6, 30, 1, 2),
('D3TI', 4, 20, 0, 2),
('D3MI', 5, 25, 1, 2),
('D3MB', 10, 50, 1, 3),
('D3AK', 8, 40, 1, 3),
('D4LB', 10, 50, 1, 3),
('D4TI', 6, 30, 1, 3),
('D4AK', 4, 20, 0, 3),
('D3LB', 6, 30, 1, 3),
('D4MB', 6, 30, 1, 3),
('D3TI', 4, 20, 0, 3),
('D3MI', 5, 25, 1, 3);

-- --------------------------------------------------------

--
-- Table structure for table `itemset2`
--

CREATE TABLE `itemset2` (
  `atribut1` varchar(200) DEFAULT NULL,
  `atribut2` varchar(200) DEFAULT NULL,
  `jumlah` int(11) DEFAULT NULL,
  `support` double DEFAULT NULL,
  `lolos` tinyint(4) DEFAULT NULL,
  `id_process` int(11) NOT NULL DEFAULT '0'
) ENGINE=InnoDB DEFAULT CHARSET=latin1;

--
-- Dumping data for table `itemset2`
--

INSERT INTO `itemset2` (`atribut1`, `atribut2`, `jumlah`, `support`, `lolos`, `id_process`) VALUES
('nipple ninio', 'sweety FP XL34', 22, 8.1481481481481, 1, 1),
('nipple ninio', 'cutton buds huki', 13, 4.8148148148148, 0, 1),
('nipple ninio', 'happy nappy pant M20', 8, 2.962962962963, 0, 1),
('nipple ninio', 'sgm soya 3 van 400', 9, 3.3333333333333, 0, 1),
('nipple ninio', 'bendera cair coklat botol', 18, 6.6666666666667, 0, 1),
('nipple ninio', 'bendera cair straw kotak', 12, 4.4444444444444, 0, 1),
('nipple ninio', 'mpoko pant standart L30', 1, 0.37037037037037, 0, 1),
('nipple ninio', 'sweety FP L36', 7, 2.5925925925926, 0, 1),
('nipple ninio', 'bendera cair coklat kotak', 11, 4.0740740740741, 0, 1),
('nipple ninio', 'bendera cair straw botol', 9, 3.3333333333333, 0, 1),
('nipple ninio', 'sgm soya 4 400', 2, 0.74074074074074, 0, 1),
('nipple ninio', 'cusson hair lotion', 17, 6.2962962962963, 0, 1),
('nipple ninio', 'niple pigeon L', 5, 1.8518518518519, 0, 1),
('nipple ninio', 'mitu tissue basah', 6, 2.2222222222222, 0, 1),
('nipple ninio', 'happy nappy L20', 4, 1.4814814814815, 0, 1),
('nipple ninio', 'tissue passeo', 7, 2.5925925925926, 0, 1),
('nipple ninio', 'mpoko xtradry XXL28', 6, 2.2222222222222, 0, 1),
('nipple ninio', 'sgm 3 plus van 400', 7, 2.5925925925926, 0, 1),
('nipple ninio', 'kaos kaki ideal', 2, 0.74074074074074, 0, 1),
('nipple ninio', 'chilkid reg van 800', 2, 0.74074074074074, 0, 1),
('nipple ninio', 'popoku pant XL20', 3, 1.1111111111111, 0, 1),
('nipple ninio', 'huki niple L', 2, 0.74074074074074, 0, 1),
('sweety FP XL34', 'cutton buds huki', 18, 6.6666666666667, 0, 1),
('sweety FP XL34', 'happy nappy pant M20', 8, 2.962962962963, 0, 1),
('sweety FP XL34', 'sgm soya 3 van 400', 11, 4.0740740740741, 0, 1),
('sweety FP XL34', 'bendera cair coklat botol', 20, 7.4074074074074, 1, 1),
('sweety FP XL34', 'bendera cair straw kotak', 13, 4.8148148148148, 0, 1),
('sweety FP XL34', 'mpoko pant standart L30', 6, 2.2222222222222, 0, 1),
('sweety FP XL34', 'sweety FP L36', 8, 2.962962962963, 0, 1),
('sweety FP XL34', 'bendera cair coklat kotak', 19, 7.037037037037, 0, 1),
('sweety FP XL34', 'bendera cair straw botol', 11, 4.0740740740741, 0, 1),
('sweety FP XL34', 'sgm soya 4 400', 8, 2.962962962963, 0, 1),
('sweety FP XL34', 'cusson hair lotion', 39, 14.444444444444, 1, 1),
('sweety FP XL34', 'niple pigeon L', 5, 1.8518518518519, 0, 1),
('sweety FP XL34', 'mitu tissue basah', 12, 4.4444444444444, 0, 1),
('sweety FP XL34', 'happy nappy L20', 5, 1.8518518518519, 0, 1),
('sweety FP XL34', 'tissue passeo', 7, 2.5925925925926, 0, 1),
('sweety FP XL34', 'mpoko xtradry XXL28', 6, 2.2222222222222, 0, 1),
('sweety FP XL34', 'sgm 3 plus van 400', 5, 1.8518518518519, 0, 1),
('sweety FP XL34', 'kaos kaki ideal', 7, 2.5925925925926, 0, 1),
('sweety FP XL34', 'chilkid reg van 800', 5, 1.8518518518519, 0, 1),
('sweety FP XL34', 'popoku pant XL20', 2, 0.74074074074074, 0, 1),
('sweety FP XL34', 'huki niple L', 0, 0, 0, 1),
('cutton buds huki', 'happy nappy pant M20', 11, 4.0740740740741, 0, 1),
('cutton buds huki', 'sgm soya 3 van 400', 13, 4.8148148148148, 0, 1),
('cutton buds huki', 'bendera cair coklat botol', 20, 7.4074074074074, 1, 1),
('cutton buds huki', 'bendera cair straw kotak', 12, 4.4444444444444, 0, 1),
('cutton buds huki', 'mpoko pant standart L30', 3, 1.1111111111111, 0, 1),
('cutton buds huki', 'sweety FP L36', 10, 3.7037037037037, 0, 1),
('cutton buds huki', 'bendera cair coklat kotak', 18, 6.6666666666667, 0, 1),
('cutton buds huki', 'bendera cair straw botol', 7, 2.5925925925926, 0, 1),
('cutton buds huki', 'sgm soya 4 400', 8, 2.962962962963, 0, 1),
('cutton buds huki', 'cusson hair lotion', 23, 8.5185185185185, 1, 1),
('cutton buds huki', 'niple pigeon L', 7, 2.5925925925926, 0, 1),
('cutton buds huki', 'mitu tissue basah', 25, 9.2592592592593, 1, 1),
('cutton buds huki', 'happy nappy L20', 3, 1.1111111111111, 0, 1),
('cutton buds huki', 'tissue passeo', 7, 2.5925925925926, 0, 1),
('cutton buds huki', 'mpoko xtradry XXL28', 11, 4.0740740740741, 0, 1),
('cutton buds huki', 'sgm 3 plus van 400', 3, 1.1111111111111, 0, 1),
('cutton buds huki', 'kaos kaki ideal', 3, 1.1111111111111, 0, 1),
('cutton buds huki', 'chilkid reg van 800', 6, 2.2222222222222, 0, 1),
('cutton buds huki', 'popoku pant XL20', 1, 0.37037037037037, 0, 1),
('cutton buds huki', 'huki niple L', 3, 1.1111111111111, 0, 1),
('happy nappy pant M20', 'sgm soya 3 van 400', 60, 22.222222222222, 1, 1),
('happy nappy pant M20', 'bendera cair coklat botol', 18, 6.6666666666667, 0, 1),
('happy nappy pant M20', 'bendera cair straw kotak', 20, 7.4074074074074, 1, 1),
('happy nappy pant M20', 'mpoko pant standart L30', 8, 2.962962962963, 0, 1),
('happy nappy pant M20', 'sweety FP L36', 7, 2.5925925925926, 0, 1),
('happy nappy pant M20', 'bendera cair coklat kotak', 43, 15.925925925926, 1, 1),
('happy nappy pant M20', 'bendera cair straw botol', 14, 5.1851851851852, 0, 1),
('happy nappy pant M20', 'sgm soya 4 400', 23, 8.5185185185185, 1, 1),
('happy nappy pant M20', 'cusson hair lotion', 14, 5.1851851851852, 0, 1),
('happy nappy pant M20', 'niple pigeon L', 12, 4.4444444444444, 0, 1),
('happy nappy pant M20', 'mitu tissue basah', 8, 2.962962962963, 0, 1),
('happy nappy pant M20', 'happy nappy L20', 13, 4.8148148148148, 0, 1),
('happy nappy pant M20', 'tissue passeo', 4, 1.4814814814815, 0, 1),
('happy nappy pant M20', 'mpoko xtradry XXL28', 7, 2.5925925925926, 0, 1),
('happy nappy pant M20', 'sgm 3 plus van 400', 5, 1.8518518518519, 0, 1),
('happy nappy pant M20', 'kaos kaki ideal', 6, 2.2222222222222, 0, 1),
('happy nappy pant M20', 'chilkid reg van 800', 9, 3.3333333333333, 0, 1),
('happy nappy pant M20', 'popoku pant XL20', 6, 2.2222222222222, 0, 1),
('happy nappy pant M20', 'huki niple L', 20, 7.4074074074074, 1, 1),
('sgm soya 3 van 400', 'bendera cair coklat botol', 23, 8.5185185185185, 1, 1),
('sgm soya 3 van 400', 'bendera cair straw kotak', 22, 8.1481481481481, 1, 1),
('sgm soya 3 van 400', 'mpoko pant standart L30', 10, 3.7037037037037, 0, 1),
('sgm soya 3 van 400', 'sweety FP L36', 10, 3.7037037037037, 0, 1),
('sgm soya 3 van 400', 'bendera cair coklat kotak', 50, 18.518518518519, 1, 1),
('sgm soya 3 van 400', 'bendera cair straw botol', 16, 5.9259259259259, 0, 1),
('sgm soya 3 van 400', 'sgm soya 4 400', 25, 9.2592592592593, 1, 1),
('sgm soya 3 van 400', 'cusson hair lotion', 14, 5.1851851851852, 0, 1),
('sgm soya 3 van 400', 'niple pigeon L', 12, 4.4444444444444, 0, 1),
('sgm soya 3 van 400', 'mitu tissue basah', 8, 2.962962962963, 0, 1),
('sgm soya 3 van 400', 'happy nappy L20', 12, 4.4444444444444, 0, 1),
('sgm soya 3 van 400', 'tissue passeo', 5, 1.8518518518519, 0, 1),
('sgm soya 3 van 400', 'mpoko xtradry XXL28', 6, 2.2222222222222, 0, 1),
('sgm soya 3 van 400', 'sgm 3 plus van 400', 5, 1.8518518518519, 0, 1),
('sgm soya 3 van 400', 'kaos kaki ideal', 8, 2.962962962963, 0, 1),
('sgm soya 3 van 400', 'chilkid reg van 800', 7, 2.5925925925926, 0, 1),
('sgm soya 3 van 400', 'popoku pant XL20', 5, 1.8518518518519, 0, 1),
('sgm soya 3 van 400', 'huki niple L', 17, 6.2962962962963, 0, 1),
('bendera cair coklat botol', 'bendera cair straw kotak', 25, 9.2592592592593, 1, 1),
('bendera cair coklat botol', 'mpoko pant standart L30', 11, 4.0740740740741, 0, 1),
('bendera cair coklat botol', 'sweety FP L36', 13, 4.8148148148148, 0, 1),
('bendera cair coklat botol', 'bendera cair coklat kotak', 34, 12.592592592593, 1, 1),
('bendera cair coklat botol', 'bendera cair straw botol', 20, 7.4074074074074, 1, 1),
('bendera cair coklat botol', 'sgm soya 4 400', 12, 4.4444444444444, 0, 1),
('bendera cair coklat botol', 'cusson hair lotion', 21, 7.7777777777778, 1, 1),
('bendera cair coklat botol', 'niple pigeon L', 8, 2.962962962963, 0, 1),
('bendera cair coklat botol', 'mitu tissue basah', 14, 5.1851851851852, 0, 1),
('bendera cair coklat botol', 'happy nappy L20', 8, 2.962962962963, 0, 1),
('bendera cair coklat botol', 'tissue passeo', 9, 3.3333333333333, 0, 1),
('bendera cair coklat botol', 'mpoko xtradry XXL28', 8, 2.962962962963, 0, 1),
('bendera cair coklat botol', 'sgm 3 plus van 400', 12, 4.4444444444444, 0, 1),
('bendera cair coklat botol', 'kaos kaki ideal', 6, 2.2222222222222, 0, 1),
('bendera cair coklat botol', 'chilkid reg van 800', 5, 1.8518518518519, 0, 1),
('bendera cair coklat botol', 'popoku pant XL20', 2, 0.74074074074074, 0, 1),
('bendera cair coklat botol', 'huki niple L', 5, 1.8518518518519, 0, 1),
('bendera cair straw kotak', 'mpoko pant standart L30', 10, 3.7037037037037, 0, 1),
('bendera cair straw kotak', 'sweety FP L36', 10, 3.7037037037037, 0, 1),
('bendera cair straw kotak', 'bendera cair coklat kotak', 44, 16.296296296296, 1, 1),
('bendera cair straw kotak', 'bendera cair straw botol', 22, 8.1481481481481, 1, 1),
('bendera cair straw kotak', 'sgm soya 4 400', 7, 2.5925925925926, 0, 1),
('bendera cair straw kotak', 'cusson hair lotion', 16, 5.9259259259259, 0, 1),
('bendera cair straw kotak', 'niple pigeon L', 3, 1.1111111111111, 0, 1),
('bendera cair straw kotak', 'mitu tissue basah', 7, 2.5925925925926, 0, 1),
('bendera cair straw kotak', 'happy nappy L20', 6, 2.2222222222222, 0, 1),
('bendera cair straw kotak', 'tissue passeo', 9, 3.3333333333333, 0, 1),
('bendera cair straw kotak', 'mpoko xtradry XXL28', 5, 1.8518518518519, 0, 1),
('bendera cair straw kotak', 'sgm 3 plus van 400', 7, 2.5925925925926, 0, 1),
('bendera cair straw kotak', 'kaos kaki ideal', 4, 1.4814814814815, 0, 1),
('bendera cair straw kotak', 'chilkid reg van 800', 6, 2.2222222222222, 0, 1),
('bendera cair straw kotak', 'popoku pant XL20', 6, 2.2222222222222, 0, 1),
('bendera cair straw kotak', 'huki niple L', 9, 3.3333333333333, 0, 1),
('mpoko pant standart L30', 'sweety FP L36', 4, 1.4814814814815, 0, 1),
('mpoko pant standart L30', 'bendera cair coklat kotak', 14, 5.1851851851852, 0, 1),
('mpoko pant standart L30', 'bendera cair straw botol', 9, 3.3333333333333, 0, 1),
('mpoko pant standart L30', 'sgm soya 4 400', 9, 3.3333333333333, 0, 1),
('mpoko pant standart L30', 'cusson hair lotion', 8, 2.962962962963, 0, 1),
('mpoko pant standart L30', 'niple pigeon L', 2, 0.74074074074074, 0, 1),
('mpoko pant standart L30', 'mitu tissue basah', 3, 1.1111111111111, 0, 1),
('mpoko pant standart L30', 'happy nappy L20', 2, 0.74074074074074, 0, 1),
('mpoko pant standart L30', 'tissue passeo', 0, 0, 0, 1),
('mpoko pant standart L30', 'mpoko xtradry XXL28', 1, 0.37037037037037, 0, 1),
('mpoko pant standart L30', 'sgm 3 plus van 400', 1, 0.37037037037037, 0, 1),
('mpoko pant standart L30', 'kaos kaki ideal', 2, 0.74074074074074, 0, 1),
('mpoko pant standart L30', 'chilkid reg van 800', 7, 2.5925925925926, 0, 1),
('mpoko pant standart L30', 'popoku pant XL20', 4, 1.4814814814815, 0, 1),
('mpoko pant standart L30', 'huki niple L', 2, 0.74074074074074, 0, 1),
('sweety FP L36', 'bendera cair coklat kotak', 11, 4.0740740740741, 0, 1),
('sweety FP L36', 'bendera cair straw botol', 9, 3.3333333333333, 0, 1),
('sweety FP L36', 'sgm soya 4 400', 6, 2.2222222222222, 0, 1),
('sweety FP L36', 'cusson hair lotion', 10, 3.7037037037037, 0, 1),
('sweety FP L36', 'niple pigeon L', 6, 2.2222222222222, 0, 1),
('sweety FP L36', 'mitu tissue basah', 5, 1.8518518518519, 0, 1),
('sweety FP L36', 'happy nappy L20', 2, 0.74074074074074, 0, 1),
('sweety FP L36', 'tissue passeo', 3, 1.1111111111111, 0, 1),
('sweety FP L36', 'mpoko xtradry XXL28', 5, 1.8518518518519, 0, 1),
('sweety FP L36', 'sgm 3 plus van 400', 4, 1.4814814814815, 0, 1),
('sweety FP L36', 'kaos kaki ideal', 1, 0.37037037037037, 0, 1),
('sweety FP L36', 'chilkid reg van 800', 3, 1.1111111111111, 0, 1),
('sweety FP L36', 'popoku pant XL20', 1, 0.37037037037037, 0, 1),
('sweety FP L36', 'huki niple L', 0, 0, 0, 1),
('bendera cair coklat kotak', 'bendera cair straw botol', 32, 11.851851851852, 1, 1),
('bendera cair coklat kotak', 'sgm soya 4 400', 24, 8.8888888888889, 1, 1),
('bendera cair coklat kotak', 'cusson hair lotion', 28, 10.37037037037, 1, 1),
('bendera cair coklat kotak', 'niple pigeon L', 13, 4.8148148148148, 0, 1),
('bendera cair coklat kotak', 'mitu tissue basah', 11, 4.0740740740741, 0, 1),
('bendera cair coklat kotak', 'happy nappy L20', 17, 6.2962962962963, 0, 1),
('bendera cair coklat kotak', 'tissue passeo', 9, 3.3333333333333, 0, 1),
('bendera cair coklat kotak', 'mpoko xtradry XXL28', 9, 3.3333333333333, 0, 1),
('bendera cair coklat kotak', 'sgm 3 plus van 400', 8, 2.962962962963, 0, 1),
('bendera cair coklat kotak', 'kaos kaki ideal', 11, 4.0740740740741, 0, 1),
('bendera cair coklat kotak', 'chilkid reg van 800', 14, 5.1851851851852, 0, 1),
('bendera cair coklat kotak', 'popoku pant XL20', 9, 3.3333333333333, 0, 1),
('bendera cair coklat kotak', 'huki niple L', 20, 7.4074074074074, 1, 1),
('bendera cair straw botol', 'sgm soya 4 400', 9, 3.3333333333333, 0, 1),
('bendera cair straw botol', 'cusson hair lotion', 15, 5.5555555555556, 0, 1),
('bendera cair straw botol', 'niple pigeon L', 4, 1.4814814814815, 0, 1),
('bendera cair straw botol', 'mitu tissue basah', 3, 1.1111111111111, 0, 1),
('bendera cair straw botol', 'happy nappy L20', 8, 2.962962962963, 0, 1),
('bendera cair straw botol', 'tissue passeo', 2, 0.74074074074074, 0, 1),
('bendera cair straw botol', 'mpoko xtradry XXL28', 1, 0.37037037037037, 0, 1),
('bendera cair straw botol', 'sgm 3 plus van 400', 3, 1.1111111111111, 0, 1),
('bendera cair straw botol', 'kaos kaki ideal', 7, 2.5925925925926, 0, 1),
('bendera cair straw botol', 'chilkid reg van 800', 9, 3.3333333333333, 0, 1),
('bendera cair straw botol', 'popoku pant XL20', 7, 2.5925925925926, 0, 1),
('bendera cair straw botol', 'huki niple L', 9, 3.3333333333333, 0, 1),
('sgm soya 4 400', 'cusson hair lotion', 11, 4.0740740740741, 0, 1),
('sgm soya 4 400', 'niple pigeon L', 9, 3.3333333333333, 0, 1),
('sgm soya 4 400', 'mitu tissue basah', 5, 1.8518518518519, 0, 1),
('sgm soya 4 400', 'happy nappy L20', 7, 2.5925925925926, 0, 1),
('sgm soya 4 400', 'tissue passeo', 1, 0.37037037037037, 0, 1),
('sgm soya 4 400', 'mpoko xtradry XXL28', 4, 1.4814814814815, 0, 1),
('sgm soya 4 400', 'sgm 3 plus van 400', 1, 0.37037037037037, 0, 1),
('sgm soya 4 400', 'kaos kaki ideal', 5, 1.8518518518519, 0, 1),
('sgm soya 4 400', 'chilkid reg van 800', 8, 2.962962962963, 0, 1),
('sgm soya 4 400', 'popoku pant XL20', 8, 2.962962962963, 0, 1),
('sgm soya 4 400', 'huki niple L', 8, 2.962962962963, 0, 1),
('cusson hair lotion', 'niple pigeon L', 8, 2.962962962963, 0, 1),
('cusson hair lotion', 'mitu tissue basah', 14, 5.1851851851852, 0, 1),
('cusson hair lotion', 'happy nappy L20', 5, 1.8518518518519, 0, 1),
('cusson hair lotion', 'tissue passeo', 9, 3.3333333333333, 0, 1),
('cusson hair lotion', 'mpoko xtradry XXL28', 10, 3.7037037037037, 0, 1),
('cusson hair lotion', 'sgm 3 plus van 400', 4, 1.4814814814815, 0, 1),
('cusson hair lotion', 'kaos kaki ideal', 8, 2.962962962963, 0, 1),
('cusson hair lotion', 'chilkid reg van 800', 4, 1.4814814814815, 0, 1),
('cusson hair lotion', 'popoku pant XL20', 3, 1.1111111111111, 0, 1),
('cusson hair lotion', 'huki niple L', 2, 0.74074074074074, 0, 1),
('niple pigeon L', 'mitu tissue basah', 5, 1.8518518518519, 0, 1),
('niple pigeon L', 'happy nappy L20', 5, 1.8518518518519, 0, 1),
('niple pigeon L', 'tissue passeo', 1, 0.37037037037037, 0, 1),
('niple pigeon L', 'mpoko xtradry XXL28', 6, 2.2222222222222, 0, 1),
('niple pigeon L', 'sgm 3 plus van 400', 2, 0.74074074074074, 0, 1),
('niple pigeon L', 'kaos kaki ideal', 5, 1.8518518518519, 0, 1),
('niple pigeon L', 'chilkid reg van 800', 3, 1.1111111111111, 0, 1),
('niple pigeon L', 'popoku pant XL20', 3, 1.1111111111111, 0, 1),
('niple pigeon L', 'huki niple L', 3, 1.1111111111111, 0, 1),
('mitu tissue basah', 'happy nappy L20', 3, 1.1111111111111, 0, 1),
('mitu tissue basah', 'tissue passeo', 3, 1.1111111111111, 0, 1),
('mitu tissue basah', 'mpoko xtradry XXL28', 4, 1.4814814814815, 0, 1),
('mitu tissue basah', 'sgm 3 plus van 400', 4, 1.4814814814815, 0, 1),
('mitu tissue basah', 'kaos kaki ideal', 4, 1.4814814814815, 0, 1),
('mitu tissue basah', 'chilkid reg van 800', 4, 1.4814814814815, 0, 1),
('mitu tissue basah', 'popoku pant XL20', 0, 0, 0, 1),
('mitu tissue basah', 'huki niple L', 1, 0.37037037037037, 0, 1),
('happy nappy L20', 'tissue passeo', 4, 1.4814814814815, 0, 1),
('happy nappy L20', 'mpoko xtradry XXL28', 1, 0.37037037037037, 0, 1),
('happy nappy L20', 'sgm 3 plus van 400', 2, 0.74074074074074, 0, 1),
('happy nappy L20', 'kaos kaki ideal', 5, 1.8518518518519, 0, 1),
('happy nappy L20', 'chilkid reg van 800', 1, 0.37037037037037, 0, 1),
('happy nappy L20', 'popoku pant XL20', 3, 1.1111111111111, 0, 1),
('happy nappy L20', 'huki niple L', 5, 1.8518518518519, 0, 1),
('tissue passeo', 'mpoko xtradry XXL28', 2, 0.74074074074074, 0, 1),
('tissue passeo', 'sgm 3 plus van 400', 6, 2.2222222222222, 0, 1),
('tissue passeo', 'kaos kaki ideal', 3, 1.1111111111111, 0, 1),
('tissue passeo', 'chilkid reg van 800', 0, 0, 0, 1),
('tissue passeo', 'popoku pant XL20', 2, 0.74074074074074, 0, 1),
('tissue passeo', 'huki niple L', 1, 0.37037037037037, 0, 1),
('mpoko xtradry XXL28', 'sgm 3 plus van 400', 0, 0, 0, 1),
('mpoko xtradry XXL28', 'kaos kaki ideal', 1, 0.37037037037037, 0, 1),
('mpoko xtradry XXL28', 'chilkid reg van 800', 5, 1.8518518518519, 0, 1),
('mpoko xtradry XXL28', 'popoku pant XL20', 0, 0, 0, 1),
('mpoko xtradry XXL28', 'huki niple L', 3, 1.1111111111111, 0, 1),
('sgm 3 plus van 400', 'kaos kaki ideal', 0, 0, 0, 1),
('sgm 3 plus van 400', 'chilkid reg van 800', 0, 0, 0, 1),
('sgm 3 plus van 400', 'popoku pant XL20', 1, 0.37037037037037, 0, 1),
('sgm 3 plus van 400', 'huki niple L', 1, 0.37037037037037, 0, 1),
('kaos kaki ideal', 'chilkid reg van 800', 0, 0, 0, 1),
('kaos kaki ideal', 'popoku pant XL20', 4, 1.4814814814815, 0, 1),
('kaos kaki ideal', 'huki niple L', 4, 1.4814814814815, 0, 1),
('chilkid reg van 800', 'popoku pant XL20', 2, 0.74074074074074, 0, 1),
('chilkid reg van 800', 'huki niple L', 4, 1.4814814814815, 0, 1),
('popoku pant XL20', 'huki niple L', 6, 2.2222222222222, 0, 1),
('D3MB', 'D3AK', 8, 40, 1, 2),
('D3MB', 'D4LB', 2, 10, 0, 2),
('D3MB', 'D4TI', 0, 0, 0, 2),
('D3MB', 'D3LB', 4, 20, 0, 2),
('D3MB', 'D4MB', 0, 0, 0, 2),
('D3MB', 'D3MI', 3, 15, 0, 2),
('D3AK', 'D4LB', 0, 0, 0, 2),
('D3AK', 'D4TI', 0, 0, 0, 2),
('D3AK', 'D3LB', 2, 10, 0, 2),
('D3AK', 'D4MB', 0, 0, 0, 2),
('D3AK', 'D3MI', 3, 15, 0, 2),
('D4LB', 'D4TI', 6, 30, 1, 2),
('D4LB', 'D3LB', 2, 10, 0, 2),
('D4LB', 'D4MB', 4, 20, 0, 2),
('D4LB', 'D3MI', 2, 10, 0, 2),
('D4TI', 'D3LB', 0, 0, 0, 2),
('D4TI', 'D4MB', 2, 10, 0, 2),
('D4TI', 'D3MI', 2, 10, 0, 2),
('D3LB', 'D4MB', 2, 10, 0, 2),
('D3LB', 'D3MI', 0, 0, 0, 2),
('D4MB', 'D3MI', 0, 0, 0, 2),
('D3MB', 'D3AK', 8, 40, 1, 3),
('D3MB', 'D4LB', 2, 10, 0, 3),
('D3MB', 'D4TI', 0, 0, 0, 3),
('D3MB', 'D3LB', 4, 20, 0, 3),
('D3MB', 'D4MB', 0, 0, 0, 3),
('D3MB', 'D3MI', 3, 15, 0, 3),
('D3AK', 'D4LB', 0, 0, 0, 3),
('D3AK', 'D4TI', 0, 0, 0, 3),
('D3AK', 'D3LB', 2, 10, 0, 3),
('D3AK', 'D4MB', 0, 0, 0, 3),
('D3AK', 'D3MI', 3, 15, 0, 3),
('D4LB', 'D4TI', 6, 30, 1, 3),
('D4LB', 'D3LB', 2, 10, 0, 3),
('D4LB', 'D4MB', 4, 20, 0, 3),
('D4LB', 'D3MI', 2, 10, 0, 3),
('D4TI', 'D3LB', 0, 0, 0, 3),
('D4TI', 'D4MB', 2, 10, 0, 3),
('D4TI', 'D3MI', 2, 10, 0, 3),
('D3LB', 'D4MB', 2, 10, 0, 3),
('D3LB', 'D3MI', 0, 0, 0, 3),
('D4MB', 'D3MI', 0, 0, 0, 3);

-- --------------------------------------------------------

--
-- Table structure for table `itemset3`
--

CREATE TABLE `itemset3` (
  `atribut1` varchar(200) DEFAULT NULL,
  `atribut2` varchar(200) DEFAULT NULL,
  `atribut3` varchar(200) DEFAULT NULL,
  `jumlah` int(11) DEFAULT NULL,
  `support` double DEFAULT NULL,
  `lolos` tinyint(4) DEFAULT NULL,
  `id_process` int(11) NOT NULL DEFAULT '0'
) ENGINE=InnoDB DEFAULT CHARSET=latin1;

--
-- Dumping data for table `itemset3`
--

INSERT INTO `itemset3` (`atribut1`, `atribut2`, `atribut3`, `jumlah`, `support`, `lolos`, `id_process`) VALUES
('nipple ninio', 'sweety FP XL34', 'bendera cair coklat botol', 14, 5.1851851851852, 0, 1),
('nipple ninio', 'sweety FP XL34', 'cusson hair lotion', 17, 6.2962962962963, 0, 1),
('nipple ninio', 'cutton buds huki', 'sweety FP XL34', 10, 3.7037037037037, 0, 1),
('nipple ninio', 'cutton buds huki', 'bendera cair coklat botol', 9, 3.3333333333333, 0, 1),
('cutton buds huki', 'sweety FP XL34', 'bendera cair coklat botol', 8, 2.962962962963, 0, 1),
('nipple ninio', 'cutton buds huki', 'cusson hair lotion', 7, 2.5925925925926, 0, 1),
('cutton buds huki', 'sweety FP XL34', 'cusson hair lotion', 14, 5.1851851851852, 0, 1),
('nipple ninio', 'cutton buds huki', 'mitu tissue basah', 6, 2.2222222222222, 0, 1),
('nipple ninio', 'sweety FP XL34', 'mitu tissue basah', 3, 1.1111111111111, 0, 1),
('cutton buds huki', 'sweety FP XL34', 'mitu tissue basah', 9, 3.3333333333333, 0, 1),
('nipple ninio', 'happy nappy pant M20', 'sweety FP XL34', 4, 1.4814814814815, 0, 1),
('nipple ninio', 'happy nappy pant M20', 'sgm soya 3 van 400', 6, 2.2222222222222, 0, 1),
('nipple ninio', 'sweety FP XL34', 'sgm soya 3 van 400', 6, 2.2222222222222, 0, 1),
('happy nappy pant M20', 'sweety FP XL34', 'sgm soya 3 van 400', 7, 2.5925925925926, 0, 1),
('nipple ninio', 'happy nappy pant M20', 'bendera cair straw kotak', 5, 1.8518518518519, 0, 1),
('nipple ninio', 'sweety FP XL34', 'bendera cair straw kotak', 7, 2.5925925925926, 0, 1),
('happy nappy pant M20', 'sweety FP XL34', 'bendera cair straw kotak', 3, 1.1111111111111, 0, 1),
('nipple ninio', 'happy nappy pant M20', 'bendera cair coklat kotak', 3, 1.1111111111111, 0, 1),
('nipple ninio', 'sweety FP XL34', 'bendera cair coklat kotak', 9, 3.3333333333333, 0, 1),
('happy nappy pant M20', 'sweety FP XL34', 'bendera cair coklat kotak', 5, 1.8518518518519, 0, 1),
('nipple ninio', 'happy nappy pant M20', 'sgm soya 4 400', 1, 0.37037037037037, 0, 1),
('nipple ninio', 'sweety FP XL34', 'sgm soya 4 400', 2, 0.74074074074074, 0, 1),
('happy nappy pant M20', 'sweety FP XL34', 'sgm soya 4 400', 3, 1.1111111111111, 0, 1),
('nipple ninio', 'happy nappy pant M20', 'huki niple L', 2, 0.74074074074074, 0, 1),
('nipple ninio', 'sweety FP XL34', 'huki niple L', 0, 0, 0, 1),
('happy nappy pant M20', 'sweety FP XL34', 'huki niple L', 0, 0, 0, 1),
('nipple ninio', 'sgm soya 3 van 400', 'bendera cair coklat botol', 6, 2.2222222222222, 0, 1),
('sgm soya 3 van 400', 'sweety FP XL34', 'bendera cair coklat botol', 7, 2.5925925925926, 0, 1),
('nipple ninio', 'sgm soya 3 van 400', 'bendera cair straw kotak', 4, 1.4814814814815, 0, 1),
('sgm soya 3 van 400', 'sweety FP XL34', 'bendera cair straw kotak', 4, 1.4814814814815, 0, 1),
('nipple ninio', 'sgm soya 3 van 400', 'bendera cair coklat kotak', 4, 1.4814814814815, 0, 1),
('sgm soya 3 van 400', 'sweety FP XL34', 'bendera cair coklat kotak', 6, 2.2222222222222, 0, 1),
('nipple ninio', 'sgm soya 3 van 400', 'sgm soya 4 400', 1, 0.37037037037037, 0, 1),
('sgm soya 3 van 400', 'sweety FP XL34', 'sgm soya 4 400', 3, 1.1111111111111, 0, 1),
('nipple ninio', 'bendera cair coklat botol', 'bendera cair straw kotak', 8, 2.962962962963, 0, 1),
('bendera cair coklat botol', 'sweety FP XL34', 'bendera cair straw kotak', 9, 3.3333333333333, 0, 1),
('nipple ninio', 'bendera cair coklat botol', 'bendera cair coklat kotak', 7, 2.5925925925926, 0, 1),
('bendera cair coklat botol', 'sweety FP XL34', 'bendera cair coklat kotak', 9, 3.3333333333333, 0, 1),
('nipple ninio', 'bendera cair coklat botol', 'bendera cair straw botol', 6, 2.2222222222222, 0, 1),
('nipple ninio', 'sweety FP XL34', 'bendera cair straw botol', 6, 2.2222222222222, 0, 1),
('bendera cair coklat botol', 'sweety FP XL34', 'bendera cair straw botol', 9, 3.3333333333333, 0, 1),
('nipple ninio', 'bendera cair coklat botol', 'cusson hair lotion', 11, 4.0740740740741, 0, 1),
('bendera cair coklat botol', 'sweety FP XL34', 'cusson hair lotion', 17, 6.2962962962963, 0, 1),
('nipple ninio', 'bendera cair straw kotak', 'bendera cair coklat kotak', 6, 2.2222222222222, 0, 1),
('bendera cair straw kotak', 'sweety FP XL34', 'bendera cair coklat kotak', 9, 3.3333333333333, 0, 1),
('nipple ninio', 'bendera cair straw kotak', 'bendera cair straw botol', 6, 2.2222222222222, 0, 1),
('bendera cair straw kotak', 'sweety FP XL34', 'bendera cair straw botol', 8, 2.962962962963, 0, 1),
('nipple ninio', 'bendera cair coklat kotak', 'bendera cair straw botol', 4, 1.4814814814815, 0, 1),
('bendera cair coklat kotak', 'sweety FP XL34', 'bendera cair straw botol', 6, 2.2222222222222, 0, 1),
('nipple ninio', 'bendera cair coklat kotak', 'sgm soya 4 400', 1, 0.37037037037037, 0, 1),
('bendera cair coklat kotak', 'sweety FP XL34', 'sgm soya 4 400', 3, 1.1111111111111, 0, 1),
('nipple ninio', 'bendera cair coklat kotak', 'cusson hair lotion', 8, 2.962962962963, 0, 1),
('bendera cair coklat kotak', 'sweety FP XL34', 'cusson hair lotion', 17, 6.2962962962963, 0, 1),
('nipple ninio', 'bendera cair coklat kotak', 'huki niple L', 0, 0, 0, 1),
('bendera cair coklat kotak', 'sweety FP XL34', 'huki niple L', 0, 0, 0, 1),
('cutton buds huki', 'bendera cair coklat botol', 'cusson hair lotion', 9, 3.3333333333333, 0, 1),
('sweety FP XL34', 'bendera cair coklat botol', 'mitu tissue basah', 5, 1.8518518518519, 0, 1),
('cutton buds huki', 'bendera cair coklat botol', 'mitu tissue basah', 11, 4.0740740740741, 0, 1),
('sweety FP XL34', 'happy nappy pant M20', 'bendera cair coklat botol', 5, 1.8518518518519, 0, 1),
('happy nappy pant M20', 'bendera cair coklat botol', 'sgm soya 3 van 400', 15, 5.5555555555556, 0, 1),
('happy nappy pant M20', 'bendera cair coklat botol', 'bendera cair straw kotak', 7, 2.5925925925926, 0, 1),
('happy nappy pant M20', 'bendera cair coklat botol', 'bendera cair coklat kotak', 9, 3.3333333333333, 0, 1),
('sweety FP XL34', 'bendera cair coklat botol', 'sgm soya 4 400', 5, 1.8518518518519, 0, 1),
('happy nappy pant M20', 'bendera cair coklat botol', 'sgm soya 4 400', 5, 1.8518518518519, 0, 1),
('sweety FP XL34', 'bendera cair coklat botol', 'huki niple L', 0, 0, 0, 1),
('happy nappy pant M20', 'bendera cair coklat botol', 'huki niple L', 4, 1.4814814814815, 0, 1),
('sgm soya 3 van 400', 'bendera cair coklat botol', 'bendera cair straw kotak', 10, 3.7037037037037, 0, 1),
('sgm soya 3 van 400', 'bendera cair coklat botol', 'bendera cair coklat kotak', 13, 4.8148148148148, 0, 1),
('sgm soya 3 van 400', 'bendera cair coklat botol', 'sgm soya 4 400', 4, 1.4814814814815, 0, 1),
('bendera cair straw kotak', 'bendera cair coklat botol', 'bendera cair coklat kotak', 21, 7.7777777777778, 1, 1),
('bendera cair straw kotak', 'bendera cair coklat botol', 'bendera cair straw botol', 11, 4.0740740740741, 0, 1),
('bendera cair coklat kotak', 'bendera cair coklat botol', 'bendera cair straw botol', 15, 5.5555555555556, 0, 1),
('bendera cair coklat kotak', 'bendera cair coklat botol', 'sgm soya 4 400', 6, 2.2222222222222, 0, 1),
('bendera cair coklat kotak', 'bendera cair coklat botol', 'cusson hair lotion', 12, 4.4444444444444, 0, 1),
('bendera cair coklat kotak', 'bendera cair coklat botol', 'huki niple L', 4, 1.4814814814815, 0, 1),
('sweety FP XL34', 'cusson hair lotion', 'mitu tissue basah', 10, 3.7037037037037, 0, 1),
('cutton buds huki', 'cusson hair lotion', 'mitu tissue basah', 11, 4.0740740740741, 0, 1),
('sweety FP XL34', 'happy nappy pant M20', 'cusson hair lotion', 6, 2.2222222222222, 0, 1),
('sweety FP XL34', 'cusson hair lotion', 'sgm soya 3 van 400', 9, 3.3333333333333, 0, 1),
('happy nappy pant M20', 'cusson hair lotion', 'sgm soya 3 van 400', 10, 3.7037037037037, 0, 1),
('sweety FP XL34', 'cusson hair lotion', 'bendera cair straw kotak', 11, 4.0740740740741, 0, 1),
('happy nappy pant M20', 'cusson hair lotion', 'bendera cair straw kotak', 3, 1.1111111111111, 0, 1),
('happy nappy pant M20', 'cusson hair lotion', 'bendera cair coklat kotak', 9, 3.3333333333333, 0, 1),
('sweety FP XL34', 'cusson hair lotion', 'sgm soya 4 400', 7, 2.5925925925926, 0, 1),
('happy nappy pant M20', 'cusson hair lotion', 'sgm soya 4 400', 4, 1.4814814814815, 0, 1),
('sweety FP XL34', 'cusson hair lotion', 'huki niple L', 0, 0, 0, 1),
('happy nappy pant M20', 'cusson hair lotion', 'huki niple L', 1, 0.37037037037037, 0, 1),
('sgm soya 3 van 400', 'cusson hair lotion', 'bendera cair coklat botol', 6, 2.2222222222222, 0, 1),
('sgm soya 3 van 400', 'cusson hair lotion', 'bendera cair straw kotak', 3, 1.1111111111111, 0, 1),
('sgm soya 3 van 400', 'cusson hair lotion', 'bendera cair coklat kotak', 9, 3.3333333333333, 0, 1),
('sgm soya 3 van 400', 'cusson hair lotion', 'sgm soya 4 400', 3, 1.1111111111111, 0, 1),
('bendera cair coklat botol', 'cusson hair lotion', 'bendera cair straw kotak', 10, 3.7037037037037, 0, 1),
('sweety FP XL34', 'cusson hair lotion', 'bendera cair straw botol', 11, 4.0740740740741, 0, 1),
('bendera cair coklat botol', 'cusson hair lotion', 'bendera cair straw botol', 10, 3.7037037037037, 0, 1),
('bendera cair straw kotak', 'cusson hair lotion', 'bendera cair coklat kotak', 12, 4.4444444444444, 0, 1),
('bendera cair straw kotak', 'cusson hair lotion', 'bendera cair straw botol', 9, 3.3333333333333, 0, 1),
('bendera cair coklat kotak', 'cusson hair lotion', 'bendera cair straw botol', 8, 2.962962962963, 0, 1),
('bendera cair coklat kotak', 'cusson hair lotion', 'sgm soya 4 400', 4, 1.4814814814815, 0, 1),
('bendera cair coklat kotak', 'cusson hair lotion', 'huki niple L', 1, 0.37037037037037, 0, 1),
('cutton buds huki', 'happy nappy pant M20', 'bendera cair coklat botol', 7, 2.5925925925926, 0, 1),
('cutton buds huki', 'happy nappy pant M20', 'sgm soya 3 van 400', 9, 3.3333333333333, 0, 1),
('cutton buds huki', 'bendera cair coklat botol', 'sgm soya 3 van 400', 6, 2.2222222222222, 0, 1),
('cutton buds huki', 'happy nappy pant M20', 'bendera cair straw kotak', 4, 1.4814814814815, 0, 1),
('cutton buds huki', 'bendera cair coklat botol', 'bendera cair straw kotak', 7, 2.5925925925926, 0, 1),
('cutton buds huki', 'happy nappy pant M20', 'bendera cair coklat kotak', 5, 1.8518518518519, 0, 1),
('cutton buds huki', 'bendera cair coklat botol', 'bendera cair coklat kotak', 8, 2.962962962963, 0, 1),
('cutton buds huki', 'happy nappy pant M20', 'sgm soya 4 400', 5, 1.8518518518519, 0, 1),
('cutton buds huki', 'bendera cair coklat botol', 'sgm soya 4 400', 5, 1.8518518518519, 0, 1),
('cutton buds huki', 'happy nappy pant M20', 'huki niple L', 2, 0.74074074074074, 0, 1),
('cutton buds huki', 'bendera cair coklat botol', 'huki niple L', 3, 1.1111111111111, 0, 1),
('cutton buds huki', 'sgm soya 3 van 400', 'bendera cair straw kotak', 5, 1.8518518518519, 0, 1),
('cutton buds huki', 'sgm soya 3 van 400', 'bendera cair coklat kotak', 5, 1.8518518518519, 0, 1),
('cutton buds huki', 'sgm soya 3 van 400', 'sgm soya 4 400', 3, 1.1111111111111, 0, 1),
('cutton buds huki', 'bendera cair coklat botol', 'bendera cair straw botol', 4, 1.4814814814815, 0, 1),
('cutton buds huki', 'bendera cair straw kotak', 'bendera cair coklat kotak', 8, 2.962962962963, 0, 1),
('cutton buds huki', 'bendera cair straw kotak', 'bendera cair straw botol', 4, 1.4814814814815, 0, 1),
('cutton buds huki', 'bendera cair coklat kotak', 'bendera cair straw botol', 3, 1.1111111111111, 0, 1),
('cutton buds huki', 'bendera cair coklat kotak', 'sgm soya 4 400', 5, 1.8518518518519, 0, 1),
('cutton buds huki', 'bendera cair coklat kotak', 'cusson hair lotion', 11, 4.0740740740741, 0, 1),
('cutton buds huki', 'bendera cair coklat kotak', 'huki niple L', 2, 0.74074074074074, 0, 1),
('cutton buds huki', 'happy nappy pant M20', 'cusson hair lotion', 4, 1.4814814814815, 0, 1),
('cutton buds huki', 'cusson hair lotion', 'sgm soya 3 van 400', 5, 1.8518518518519, 0, 1),
('cutton buds huki', 'cusson hair lotion', 'bendera cair straw kotak', 7, 2.5925925925926, 0, 1),
('cutton buds huki', 'cusson hair lotion', 'sgm soya 4 400', 5, 1.8518518518519, 0, 1),
('cutton buds huki', 'cusson hair lotion', 'huki niple L', 1, 0.37037037037037, 0, 1),
('cutton buds huki', 'cusson hair lotion', 'bendera cair straw botol', 4, 1.4814814814815, 0, 1),
('cutton buds huki', 'happy nappy pant M20', 'mitu tissue basah', 5, 1.8518518518519, 0, 1),
('cutton buds huki', 'mitu tissue basah', 'sgm soya 3 van 400', 6, 2.2222222222222, 0, 1),
('happy nappy pant M20', 'mitu tissue basah', 'sgm soya 3 van 400', 6, 2.2222222222222, 0, 1),
('cutton buds huki', 'mitu tissue basah', 'bendera cair straw kotak', 6, 2.2222222222222, 0, 1),
('happy nappy pant M20', 'mitu tissue basah', 'bendera cair straw kotak', 2, 0.74074074074074, 0, 1),
('cutton buds huki', 'mitu tissue basah', 'bendera cair coklat kotak', 11, 4.0740740740741, 0, 1),
('happy nappy pant M20', 'mitu tissue basah', 'bendera cair coklat kotak', 4, 1.4814814814815, 0, 1),
('cutton buds huki', 'mitu tissue basah', 'sgm soya 4 400', 4, 1.4814814814815, 0, 1),
('happy nappy pant M20', 'mitu tissue basah', 'sgm soya 4 400', 3, 1.1111111111111, 0, 1),
('cutton buds huki', 'mitu tissue basah', 'huki niple L', 0, 0, 0, 1),
('happy nappy pant M20', 'mitu tissue basah', 'huki niple L', 0, 0, 0, 1),
('sgm soya 3 van 400', 'mitu tissue basah', 'bendera cair coklat botol', 3, 1.1111111111111, 0, 1),
('sgm soya 3 van 400', 'mitu tissue basah', 'bendera cair straw kotak', 2, 0.74074074074074, 0, 1),
('sgm soya 3 van 400', 'mitu tissue basah', 'bendera cair coklat kotak', 3, 1.1111111111111, 0, 1),
('sgm soya 3 van 400', 'mitu tissue basah', 'sgm soya 4 400', 1, 0.37037037037037, 0, 1),
('bendera cair coklat botol', 'mitu tissue basah', 'bendera cair straw kotak', 3, 1.1111111111111, 0, 1),
('bendera cair coklat botol', 'mitu tissue basah', 'bendera cair coklat kotak', 4, 1.4814814814815, 0, 1),
('cutton buds huki', 'mitu tissue basah', 'bendera cair straw botol', 3, 1.1111111111111, 0, 1),
('bendera cair coklat botol', 'mitu tissue basah', 'bendera cair straw botol', 2, 0.74074074074074, 0, 1),
('bendera cair coklat botol', 'mitu tissue basah', 'cusson hair lotion', 6, 2.2222222222222, 0, 1),
('bendera cair straw kotak', 'mitu tissue basah', 'bendera cair coklat kotak', 5, 1.8518518518519, 0, 1),
('bendera cair straw kotak', 'mitu tissue basah', 'bendera cair straw botol', 1, 0.37037037037037, 0, 1),
('bendera cair coklat kotak', 'mitu tissue basah', 'bendera cair straw botol', 1, 0.37037037037037, 0, 1),
('bendera cair coklat kotak', 'mitu tissue basah', 'sgm soya 4 400', 4, 1.4814814814815, 0, 1),
('bendera cair coklat kotak', 'mitu tissue basah', 'cusson hair lotion', 8, 2.962962962963, 0, 1),
('bendera cair coklat kotak', 'mitu tissue basah', 'huki niple L', 0, 0, 0, 1),
('happy nappy pant M20', 'sgm soya 3 van 400', 'bendera cair straw kotak', 17, 6.2962962962963, 0, 1),
('happy nappy pant M20', 'sgm soya 3 van 400', 'bendera cair coklat kotak', 40, 14.814814814815, 1, 1),
('happy nappy pant M20', 'sgm soya 3 van 400', 'sgm soya 4 400', 20, 7.4074074074074, 1, 1),
('happy nappy pant M20', 'sgm soya 3 van 400', 'huki niple L', 15, 5.5555555555556, 0, 1),
('happy nappy pant M20', 'bendera cair coklat botol', 'bendera cair straw botol', 3, 1.1111111111111, 0, 1),
('happy nappy pant M20', 'sgm soya 3 van 400', 'bendera cair straw botol', 9, 3.3333333333333, 0, 1),
('bendera cair coklat botol', 'sgm soya 3 van 400', 'bendera cair straw botol', 7, 2.5925925925926, 0, 1),
('happy nappy pant M20', 'bendera cair coklat botol', 'cusson hair lotion', 5, 1.8518518518519, 0, 1),
('happy nappy pant M20', 'bendera cair straw kotak', 'bendera cair coklat kotak', 14, 5.1851851851852, 0, 1),
('bendera cair straw kotak', 'sgm soya 3 van 400', 'bendera cair coklat kotak', 17, 6.2962962962963, 0, 1),
('happy nappy pant M20', 'bendera cair straw kotak', 'bendera cair straw botol', 4, 1.4814814814815, 0, 1),
('bendera cair straw kotak', 'sgm soya 3 van 400', 'bendera cair straw botol', 4, 1.4814814814815, 0, 1),
('happy nappy pant M20', 'bendera cair coklat kotak', 'bendera cair straw botol', 10, 3.7037037037037, 0, 1),
('bendera cair coklat kotak', 'sgm soya 3 van 400', 'bendera cair straw botol', 12, 4.4444444444444, 0, 1),
('happy nappy pant M20', 'bendera cair coklat kotak', 'sgm soya 4 400', 16, 5.9259259259259, 0, 1),
('bendera cair coklat kotak', 'sgm soya 3 van 400', 'sgm soya 4 400', 18, 6.6666666666667, 0, 1),
('happy nappy pant M20', 'bendera cair coklat kotak', 'huki niple L', 16, 5.9259259259259, 0, 1),
('bendera cair coklat kotak', 'sgm soya 3 van 400', 'huki niple L', 16, 5.9259259259259, 0, 1),
('happy nappy pant M20', 'bendera cair straw kotak', 'sgm soya 4 400', 5, 1.8518518518519, 0, 1),
('happy nappy pant M20', 'bendera cair straw kotak', 'huki niple L', 8, 2.962962962963, 0, 1),
('sgm soya 3 van 400', 'bendera cair straw kotak', 'sgm soya 4 400', 5, 1.8518518518519, 0, 1),
('bendera cair coklat kotak', 'bendera cair straw kotak', 'bendera cair straw botol', 16, 5.9259259259259, 0, 1),
('bendera cair coklat kotak', 'bendera cair straw kotak', 'sgm soya 4 400', 7, 2.5925925925926, 0, 1),
('bendera cair coklat kotak', 'bendera cair straw kotak', 'huki niple L', 7, 2.5925925925926, 0, 1),
('happy nappy pant M20', 'sgm soya 4 400', 'huki niple L', 7, 2.5925925925926, 0, 1),
('bendera cair coklat botol', 'sgm soya 4 400', 'bendera cair straw kotak', 4, 1.4814814814815, 0, 1),
('happy nappy pant M20', 'sgm soya 4 400', 'bendera cair straw botol', 5, 1.8518518518519, 0, 1),
('bendera cair coklat botol', 'sgm soya 4 400', 'bendera cair straw botol', 2, 0.74074074074074, 0, 1),
('bendera cair coklat botol', 'sgm soya 4 400', 'cusson hair lotion', 6, 2.2222222222222, 0, 1),
('bendera cair straw kotak', 'sgm soya 4 400', 'bendera cair straw botol', 0, 0, 0, 1),
('bendera cair coklat kotak', 'sgm soya 4 400', 'bendera cair straw botol', 5, 1.8518518518519, 0, 1),
('bendera cair coklat kotak', 'sgm soya 4 400', 'huki niple L', 7, 2.5925925925926, 0, 1),
('sgm soya 3 van 400', 'huki niple L', 'bendera cair coklat botol', 4, 1.4814814814815, 0, 1),
('sgm soya 3 van 400', 'huki niple L', 'bendera cair straw kotak', 6, 2.2222222222222, 0, 1),
('sgm soya 3 van 400', 'huki niple L', 'sgm soya 4 400', 7, 2.5925925925926, 0, 1),
('bendera cair coklat botol', 'huki niple L', 'bendera cair straw kotak', 1, 0.37037037037037, 0, 1),
('happy nappy pant M20', 'huki niple L', 'bendera cair straw botol', 8, 2.962962962963, 0, 1),
('bendera cair coklat botol', 'huki niple L', 'bendera cair straw botol', 2, 0.74074074074074, 0, 1),
('bendera cair coklat botol', 'huki niple L', 'cusson hair lotion', 1, 0.37037037037037, 0, 1),
('bendera cair straw kotak', 'huki niple L', 'bendera cair straw botol', 3, 1.1111111111111, 0, 1),
('bendera cair coklat kotak', 'huki niple L', 'bendera cair straw botol', 7, 2.5925925925926, 0, 1),
('sgm soya 3 van 400', 'sgm soya 4 400', 'bendera cair straw botol', 6, 2.2222222222222, 0, 1),
('D3MB', 'D4LB', 'D3AK', 0, 0, 0, 2),
('D3MB', 'D4LB', 'D4TI', 0, 0, 0, 2),
('D3MB', 'D3AK', 'D4TI', 0, 0, 0, 2),
('D4LB', 'D3AK', 'D4TI', 0, 0, 0, 2),
('D3MB', 'D4LB', 'D3AK', 0, 0, 0, 3),
('D3MB', 'D4LB', 'D4TI', 0, 0, 0, 3),
('D3MB', 'D3AK', 'D4TI', 0, 0, 0, 3),
('D4LB', 'D3AK', 'D4TI', 0, 0, 0, 3);

-- --------------------------------------------------------

--
-- Table structure for table `process_log`
--

CREATE TABLE `process_log` (
  `id` int(11) NOT NULL,
  `start_date` date DEFAULT NULL,
  `end_date` date DEFAULT NULL,
  `min_support` double DEFAULT NULL,
  `min_confidence` double DEFAULT NULL
) ENGINE=InnoDB DEFAULT CHARSET=latin1;

--
-- Dumping data for table `process_log`
--

INSERT INTO `process_log` (`id`, `start_date`, `end_date`, `min_support`, `min_confidence`) VALUES
(1, '2015-06-01', '2022-10-19', 20, 40),
(2, '2018-05-11', '2018-05-22', 5, 10),
(3, '2018-05-11', '2018-05-22', 5, 30);

-- --------------------------------------------------------

--
-- Table structure for table `transaksi`
--

CREATE TABLE `transaksi` (
  `id` int(11) NOT NULL,
  `transaction_date` date DEFAULT NULL,
  `produk` text
) ENGINE=InnoDB DEFAULT CHARSET=latin1;

--
-- Dumping data for table `transaksi`
--

INSERT INTO `transaksi` (`id`, `transaction_date`, `produk`) VALUES
(1, '2018-05-11', 'D3MB,D3AK,D3AK'),
(2, '2018-05-11', 'D4LB,D4TI,D4AK'),
(3, '2018-05-11', 'D4AK,D3MB,D3AK'),
(4, '2018-05-11', 'D3LB,D3MB,D4LB'),
(5, '2018-05-15', 'D4MB,D3LB,D3TI'),
(6, '2018-05-15', 'D3TI,D4LB,D4MB'),
(7, '2018-05-15', 'D3LB,D3AK,D3MB'),
(8, '2018-05-15', 'D4LB,D4TI,D3MI'),
(9, '2018-05-15', 'D4TI,D4MB,D4LB'),
(10, '2018-05-15', 'D3MB,D3AK,D3MI'),
(11, '2018-05-15', 'D3MB,D3AK,D3MI'),
(12, '2018-05-22', 'D4LB,D4TI,D4AK'),
(13, '2018-05-22', 'D4AK,D3MB,D3AK'),
(14, '2018-05-22', 'D3LB,D3MB,D4LB'),
(15, '2018-05-22', 'D4MB,D3LB,D3TI'),
(16, '2018-05-22', 'D3TI,D4LB,D4MB'),
(17, '2018-05-22', 'D3LB,D3AK,D3MB'),
(18, '2018-05-22', 'D4LB,D4TI,D3MI'),
(19, '2018-05-22', 'D4TI,D4MB,D4LB'),
(20, '2018-05-22', 'D3MB,D3AK,D3MI');

-- --------------------------------------------------------

--
-- Table structure for table `transaksi_old`
--

CREATE TABLE `transaksi_old` (
  `id` int(11) NOT NULL,
  `transaction_date` date DEFAULT NULL,
  `produk` text
) ENGINE=InnoDB DEFAULT CHARSET=latin1;

--
-- Dumping data for table `transaksi_old`
--

INSERT INTO `transaksi_old` (`id`, `transaction_date`, `produk`) VALUES
(1, '2016-11-11', 'zwitsal shampoo AVKS 100'),
(2, '2016-11-11', 'minyak telon lang 30'),
(3, '2016-11-11', 'huki niple L'),
(4, '2016-11-11', 'dot huki 250'),
(5, '2016-11-11', 'pampers eko pant M20'),
(6, '2016-11-11', 'popoku pant XL20'),
(7, '2016-11-11', 'sweety FP XL20'),
(8, '2016-11-11', 'sgm 1 plus van 900'),
(9, '2016-11-12', 'zwitsal hair lotion 200'),
(10, '2016-11-12', 'dot huki 250'),
(11, '2016-11-12', 'mpoko pant standart XXL24'),
(12, '2016-11-12', 'mpoko xtradry NB52'),
(13, '2016-11-12', 'happy nappy pant M20'),
(14, '2016-11-12', 'chilkid reg van 800'),
(15, '2016-11-12', 'chilschool van 800'),
(16, '2016-11-12', 'sgm ananda 1 400'),
(17, '2016-11-12', 'sgm 3 plus md 900'),
(18, '2016-11-12', 'sgm soya 3 van 400'),
(19, '2016-11-12', 'dancow 3 plus md 800'),
(20, '2016-11-13', 'dot huki 250'),
(21, '2016-11-13', 'popoku pant XL20'),
(22, '2016-11-13', 'mpoko pant standart L30'),
(23, '2016-11-13', 'mpoko xtradry XXL28'),
(24, '2016-11-13', 'mpoko xtrasoft girl XL24'),
(25, '2016-11-13', 'mpoko xtrasoft XXL20'),
(26, '2016-11-13', 'happy nappy M20'),
(27, '2016-11-13', 'sweety sns S12'),
(28, '2016-11-13', 'nutrillon 4 van 400'),
(29, '2016-11-13', 'nutrlon 3 van 800'),
(30, '2016-11-13', 'nutrillon ryl 4 van 800'),
(31, '2016-11-13', 'nutrillon soya 3 van 800'),
(32, '2016-11-13', 'nutrillon soya 4 van 400'),
(33, '2016-11-13', 'bebelove 1 800'),
(34, '2016-11-13', 'sgm 1 plus md 400'),
(35, '2016-11-13', 'sgm 3 plus md 900'),
(36, '2016-11-14', 'bebelac 3 md 400'),
(37, '2016-11-14', 'sgm 3 plus md 400'),
(38, '2016-11-14', 'sgm 3 plus md 900'),
(39, '2016-11-15', 'zwitsal baby bath MH 200'),
(40, '2016-11-15', 'JB cologne happy berries 125'),
(41, '2016-11-15', 'huki niple L'),
(42, '2016-11-15', 'merries XL26'),
(43, '2016-11-15', 'mpoko pant standart M20'),
(44, '2016-11-15', 'mpoko pant standart L30'),
(45, '2016-11-15', 'happy nappy pant M20'),
(46, '2016-11-15', 'chilschool van 800'),
(47, '2016-11-15', 'sgm 1 plus van 150'),
(48, '2016-11-15', 'sgm 1 plus  md 900'),
(49, '2016-11-15', 'sgm soya 2 200'),
(50, '2016-11-15', 'sgm soya 3 van 400'),
(51, '2016-11-15', 'sgm soya 4 400'),
(52, '2016-11-15', 'bendera cair coklat kotak'),
(53, '2016-11-16', 'JB cologne fresh blossoms 300'),
(54, '2016-11-16', 'JB cologne happy berries 125'),
(55, '2016-11-16', 'cerelac BM'),
(56, '2016-11-16', 'minyak telon lang 100'),
(57, '2016-11-16', 'MKP caplang 120'),
(58, '2016-11-16', 'niple pigeon L'),
(59, '2016-11-16', 'nipple ninio'),
(60, '2016-11-16', 'popoku pant XL20'),
(61, '2016-11-16', 'mpoko pant standart L30'),
(62, '2016-11-16', 'lactogen 1 350'),
(63, '2016-11-16', 'bebelac 3 md 400'),
(64, '2016-11-16', 'sgm 1 plus van 150'),
(65, '2016-11-16', 'sgm 1 plus  md 900'),
(66, '2016-11-16', 'sgm soya 4 400'),
(67, '2016-11-16', 'bendera cair coklat kotak'),
(68, '2016-11-16', 'kaos kaki ideal'),
(69, '2016-11-17', 'cussons baby powder'),
(70, '2016-11-17', 'mpoko pant standart L20'),
(71, '2016-11-17', 'mpoko pant standart L30'),
(72, '2016-11-17', 'mpoko pant standart XXL18'),
(73, '2016-11-17', 'happy nappy pant M20'),
(74, '2016-11-17', 'nutrillon soya 3 van 800'),
(75, '2016-11-17', 'chilkid reg van 800'),
(76, '2016-11-17', 'bebelac 3 md 400'),
(77, '2016-11-17', 'sgm 1 plus van 150'),
(78, '2016-11-17', 'sgm soya 3 van 400'),
(79, '2016-11-17', 'sgm soya 4 400'),
(80, '2016-11-18', 'huki niple L'),
(81, '2016-11-18', 'popoku S20'),
(82, '2016-11-18', 'popoku L40'),
(83, '2016-11-18', 'mpoko xtrasoft boy XL24'),
(84, '2016-11-18', 'nutrilon 4 van 800'),
(85, '2016-11-18', 'bebelac 3 md 400'),
(86, '2016-11-18', 'sgm ananda 1 400'),
(87, '2016-11-18', 'sgm 3 plus van 900'),
(88, '2016-11-19', 'cusson hair lotion'),
(89, '2016-11-19', 'cussons shampoo alomnd'),
(90, '2016-11-19', 'mpoko pant standart XL20'),
(91, '2016-11-19', 'nutrillon soya 2 400'),
(92, '2016-11-19', 'bendera jelajah van 800'),
(93, '2016-11-19', 'sgm 1 plus van 150'),
(94, '2016-11-20', 'niple pigeon L'),
(95, '2016-11-20', 'mpoko pant standart L30'),
(96, '2016-11-20', 'mpoko xtradry XL34'),
(97, '2016-11-20', 'mpoko xtradry XXL28'),
(98, '2016-11-20', 'sweety FP M38'),
(99, '2016-11-20', 'lactogen 1 750'),
(100, '2016-09-20', 'cusson hair lotion'),
(101, '2016-09-20', 'JB cologne fresh blossoms 300'),
(102, '2016-09-20', 'merries XL26'),
(103, '2016-09-20', 'popoku pant XL20'),
(104, '2016-09-20', 'happy nappy pant XL20'),
(105, '2016-09-20', 'sweety FP XL20'),
(106, '2016-09-20', 'sweety FP XL34'),
(107, '2016-09-20', 'sgm soya 4 400'),
(108, '2016-09-20', 'DR p basic L8'),
(109, '2016-09-20', 'cd cewek'),
(110, '2016-09-21', 'zwitsal shampoo 300'),
(111, '2016-09-21', 'promina daging brokoli'),
(112, '2016-09-21', 'happy nappy M8'),
(113, '2016-09-21', 'happy nappy M20'),
(114, '2016-09-21', 'happy nappy L20'),
(115, '2016-09-21', 'happy nappy pant M20'),
(116, '2016-09-21', 'sweety FP XXL20'),
(117, '2016-09-21', 'fluffy L16'),
(118, '2016-09-21', 'sgm soya 3 van 400'),
(119, '2016-09-22', 'cusson hair lotion'),
(120, '2016-09-22', 'sleek refil'),
(121, '2016-09-22', 'milna bubur ayam wortel'),
(122, '2016-09-22', 'sweety sns S27'),
(123, '2016-09-22', 'sweety FP XL34'),
(124, '2016-09-22', 'sgm 3 plus van 400'),
(125, '2016-09-22', 'mitu tissue basah'),
(126, '2016-09-22', 'kaos kaki ideal'),
(127, '2016-09-23', 'cusson hair lotion'),
(128, '2016-09-23', 'mpoko pant standart L30'),
(129, '2016-09-23', 'happy nappy XL20'),
(130, '2016-09-23', 'sweety FP XL34'),
(131, '2016-09-23', 'chilkid reg van 800'),
(132, '2016-09-23', 'bendera cair coklat botol'),
(133, '2016-09-23', 'bendera cair coklat kotak'),
(134, '2016-09-23', 'bendera cair straw botol'),
(135, '2016-09-23', 'bendera cair straw kotak'),
(136, '2016-09-24', 'cusson hair lotion'),
(137, '2016-09-24', 'cussons shampoo alomnd'),
(138, '2016-09-24', 'zwitsal shampoo 300'),
(139, '2016-09-24', 'milna bubur pisang'),
(140, '2016-09-24', 'sweety FP S10'),
(141, '2016-09-24', 'sweety FP XL34'),
(142, '2016-09-24', 'bendera cair coklat kotak'),
(143, '2016-09-24', 'tempat makan pang-pang'),
(144, '2016-09-24', 'kaos kaki ideal'),
(145, '2016-09-24', 'dot huki'),
(146, '2016-09-25', 'cussons baby powder'),
(147, '2016-09-25', 'pampers AB XL34'),
(148, '2016-09-25', 'happy nappy pant M20'),
(149, '2016-09-25', 'sweety FP L36'),
(150, '2016-09-25', 'sgm 3 plus van 400'),
(151, '2016-09-25', 'sgm soya 3 van 400'),
(152, '2016-09-25', 'bendera cair coklat botol'),
(153, '2016-09-25', 'mitu tissue basah'),
(154, '2016-09-26', 'biscuit KH'),
(155, '2016-09-26', 'cutton buds huki'),
(156, '2016-09-26', 'niple pigeon L'),
(157, '2016-09-26', 'nipple ninio'),
(158, '2016-09-26', 'merries M34'),
(159, '2016-09-26', 'sgm 3 plus van 400'),
(160, '2016-09-26', 'bendera cair coklat botol'),
(161, '2016-09-26', 'mitu tissue basah'),
(162, '2016-09-26', 'underpad'),
(163, '2016-09-26', 'cd cewek'),
(164, '2016-09-27', 'cusson hair lotion'),
(165, '2016-09-27', 'sleek refil'),
(166, '2016-09-27', 'mpoko pant standart L30'),
(167, '2016-09-27', 'sweety FP XL34'),
(168, '2016-09-27', 'dancow batita van 500'),
(169, '2016-09-27', 'bendera cair coklat botol'),
(170, '2016-09-27', 'bendera cair coklat kotak'),
(171, '2016-09-27', 'bendera cair straw botol'),
(172, '2016-09-27', 'bendera cair straw kotak'),
(173, '2016-09-28', ''),
(174, '2016-09-29', 'popoku L20'),
(175, '2016-09-29', 'mpoko pant standart L36'),
(176, '2016-09-29', 'sweety FP L36'),
(177, '2016-09-29', 'mamamia L36'),
(178, '2016-09-29', 'dancow batita van 500'),
(179, '2016-09-29', 'bendera cair straw botol');

-- --------------------------------------------------------

--
-- Table structure for table `users`
--

CREATE TABLE `users` (
  `id` int(11) NOT NULL,
  `username` varchar(200) DEFAULT NULL,
  `nama` varchar(200) DEFAULT NULL,
  `password` text,
  `level` tinyint(4) NOT NULL DEFAULT '0',
  `last_login` datetime DEFAULT NULL,
  `inactive` tinyint(4) NOT NULL DEFAULT '0'
) ENGINE=InnoDB DEFAULT CHARSET=latin1;

--
-- Dumping data for table `users`
--

INSERT INTO `users` (`id`, `username`, `nama`, `password`, `level`, `last_login`, `inactive`) VALUES
(1, 'admin', 'Administrator', '21232f297a57a5a743894a0e4a801fc3', 1, '2017-02-22 01:49:04', 0),
(2, 'user', 'User Direktur', 'ee11cbb19052e40b07aac0ca060c23ee', 2, '2016-05-22 09:19:02', 0);

--
-- Indexes for dumped tables
--

--
-- Indexes for table `process_log`
--
ALTER TABLE `process_log`
  ADD PRIMARY KEY (`id`);

--
-- Indexes for table `transaksi`
--
ALTER TABLE `transaksi`
  ADD PRIMARY KEY (`id`);

--
-- Indexes for table `transaksi_old`
--
ALTER TABLE `transaksi_old`
  ADD PRIMARY KEY (`id`);

--
-- Indexes for table `users`
--
ALTER TABLE `users`
  ADD PRIMARY KEY (`id`);

--
-- AUTO_INCREMENT for dumped tables
--

--
-- AUTO_INCREMENT for table `process_log`
--
ALTER TABLE `process_log`
  MODIFY `id` int(11) NOT NULL AUTO_INCREMENT, AUTO_INCREMENT=4;

--
-- AUTO_INCREMENT for table `transaksi`
--
ALTER TABLE `transaksi`
  MODIFY `id` int(11) NOT NULL AUTO_INCREMENT, AUTO_INCREMENT=21;

--
-- AUTO_INCREMENT for table `transaksi_old`
--
ALTER TABLE `transaksi_old`
  MODIFY `id` int(11) NOT NULL AUTO_INCREMENT, AUTO_INCREMENT=180;

--
-- AUTO_INCREMENT for table `users`
--
ALTER TABLE `users`
  MODIFY `id` int(11) NOT NULL AUTO_INCREMENT, AUTO_INCREMENT=3;
COMMIT;

/*!40101 SET CHARACTER_SET_CLIENT=@OLD_CHARACTER_SET_CLIENT */;
/*!40101 SET CHARACTER_SET_RESULTS=@OLD_CHARACTER_SET_RESULTS */;
/*!40101 SET COLLATION_CONNECTION=@OLD_COLLATION_CONNECTION */;
